ሰላማዊ	ሰላ+ማዊ
ኣይናቱን	ኣይ+ናቱ+ን
ኣይመፀን	ኣይ+መፀ+ን
ኣይጥዑምን	ኣይ+ጥዑም+ን
ጉቦኛ	ጉቦ+ኛ
ደመኛ	ደ+መኛ
ጉረኛ	ጉ+ረኛ
ቂመኛ	ቂ+መኛ
ወረኛ	ወረ+ኛ
ሰንካም	ሰን+ካም
ህልኸኛ	ህል+ኸኛ
ማሕበራዊ	ማሕበ+ራዊ
ጥበበኛ	ጥበ+በኛ
ጥበባዊ	ጥበ+ባዊ
ተፈጥሮኣዊ	ተፈጥሮ+ኣዊ
በለፀኛ	በለ+ፀኛ
ተንኮለኛ	ተንኮለ+ኛ
መርከበኛ	መርከ+በኛ
ባሕረኛ	ባሕ+ረኛ
ዓመፀኛ	ዓመ+ፀኛ
ኣፍሪካዊ	ኣ+ፍሪካ+ዊ
ኢትዮዽያዊ	ኢትዮዽያ+ዊ
ኢትዮዽያዊት	ኢትዮ+ዽያዊት
ትግራዋይ	ትግራ+ዋይ
ትግራዋይነት	ትግራ+ዋይነት
ግብራም	ግ+ብራም
ፍቅረኛ	ፍቅ+ረኛ
ፍትሓዊ	ፍት+ሓዊ
በደለኛ	በደ+ለኛ
ኣይደንቅን	ኣይ+ደን+ቅን
ዘይፍትሓዊ	ዘይ+ፍት+ሓዊ
ዘይልሙድ	ዘይ+ልሙድ
ፍትሓዊነት	ፍት+ሓዊነት
ርትዓዊ	ርት+ዓዊ
ሰባት	ሰ+ባት
ዘይ-ሰባት	ዘይ+-ሰ+ባት
እምባታት	እምባ+ታት
ሰእሊታት	ሰ+እሊታት
ሃገራት	ሃገ+ራት
ሰማያት	ሰማ+ያት
ኢ-ልበወለድ	ኢ+-ልበወለድ
ዘይምዕሩይ	ዘይ+ምዕሩይ
ኣይሰበረን	ኣይ+ሰበረ+ን
ኣይወደአን	ኣይ+ወደአ+ን
ኣይጀመረን	ኣይ+ጀመረ+ን
ዝራብዓት	ዝራ+ብዓት
መምህራን	መምህ+ራን
መዛምራን	መ+ዛምራን
ምእመናን	ም+እመናን
በላዕቲ	በላ+ዕቲ
መሃዝቲ	መሃ+ዝቲ
ቀተልቲ	ቀ+ተልቲ
ሰፈይቲ	ሰ+ፈይቲ
ክቡራት	ክቡ+ራት
በሉፃት	በሉ+ፃት
ለባማት	ለባ+ማት
ሕሩያት	ሕሩ+ያት
ብዱላት	ብዱ+ላት
ሰነፋት	ሰነ+ፋት
ጎበዛት	ጎበ+ዛት
ህኩያት	ህ+ኩያት
ወጣማት	ወጣ+ማት
ወታፋት	ወታ+ፋት
ግናያት	ግና+ያት
ርጉማት	ርጉ+ማት
ሰንካማት	ሰንካ+ማት
ጥንቁያት	ጥ+ንቁያት
ዉሩያት	ዉሩ+ያት
ተምብየነቶት	ተም+ብየነቶት
ተምቤናይ	ተምቤ+ናይ
ሽረቶት	ሽረ+ቶት
ሽረታይ	ሽረ+ታይ
ሓመዳዋይ	ሓመ+ዳዋይ
ሓመደቶት	ሓመደ+ቶት
ሓውዜነተይ	ሓውዜ+ነተይ
ሓውዜነቶት	ሓውዜነ+ቶት
ዓጋመታይ	ዓጋመ+ታይ
ዓጋመቶት	ዓጋመ+ቶት
ሓረስታይ	ሓረስ+ታይ
ሓረስቶት	ሓረስ+ቶት
ዘመነዋይ	ዘመ+ነዋይ
ዘመነቶት	ዘመ+ነቶት
ራየታይ	ራ+የታይ
ራየቶት	ራየ+ቶት
ኣፍራስ	ኣ+ፍራስ
ኣእማን	ኣ+እ+ማን
ኣእዛን	ኣ+እ+ዛን
ስበኡን	ስ+በኡን
ክዳወንቲ	ክዳ+ወንቲ
ደርሁ	ደር+ሁ
ኣባጊዕ	ኣ+ባጊዕ
ቆልዑ	ቆል+ዑ
ሰሚዖም	ሰ+ሚዖም
ዘይሰምዑ	ዘይ+ሰምዑ
ሰባራይ	ሰባ+ራይ
ሰባሪት	ሰባ+ሪት
ዘይሰበር	ዘይ+ሰበር
ሰበረኒ	ሰ+በረኒ
ዝዓበየ	ዝ+ዓ+በየ
ዝሓፀረ	ዝ+ሓ+ፀረ
ዝበለሐ	ዝ+በ+ለሐ
ዝሰነፈ	ዝ+ሰነ+ፈ
ዝሓየለ	ዝ+ሓ+የለ
ዝነወሐ	ዝ+ነ+ወሐ
ዝፀለመ	ዝ+ፀ+ለመ
ዝሓበለ	ዝ+ሓ+በለ
ዝሓመደ	ዝ+ሓ+መደ
ዝበልዕ	ዝ+በ+ልዕ
ከንቱነት	ከንቱ+ነት
መዝነት	መ+ዝነት
ምስክርነት	ምስክር+ነት
መርዝነት	መር+ዝነት
ሰላማነት	ሰላማ+ነት
መርዛምነት	መርዛም+ነት
ሰብኣውነት	ሰብኣ+ውነት
ፍፁምነት	ፍፁም+ነት
ተጠዋርነት	ተጠዋ+ርነት
ዓረብኛ	ዓረብ+ኛ
እንግሊዝኛ	እንግሊዝ+ኛ
ጣልያንኛ	ጣልያን+ኛ
ትሕዝቶ	ት+ሕዝ+ቶ
ምጭሓም	ም+ጭ+ሓም
ምሕላም	ም+ሕ+ላም
ጠብላሕታ	ጠብላሕ+ታ
ፍሽክታ	ፍሽ+ክታ
ስክፍታ	ስክፍ+ታ
ካናዳዊ	ካናዳ+ዊ
ሰማያዊ	ሰማ+ያዊ
ልባዊ	ል+ባዊ
መርዛም	መር+ዛም
ከብዳም	ከብ+ዳም
ጠንቃም	ጠ+ንቃም
ጥቅመኛ	ጥቅ+መኛ
መልክዐኛ	መልክ+ዐኛ
ቀፅላዋይ	ቀፅ+ላዋይ
ሓመደዋይ	ሓመ+ደዋይ
ዓዲጉላ	ዓዲጉ+ላ
በሳላት	በ+ሳላት
ምሩፃት	ምሩ+ፃት
ዘይትከድ	ዘይ+ትከድ
ነገራት	ነገ+ራት
ሃፍታማት	ሃፍ+ታማት
ገሃማት	ገሃ+ማት
ዓቀይቶት	ዓቀይ+ቶት
ዘይትሰምዕ	ዘይ+ትሰምዕ
ዘይትርኢ	ዘይ+ትርኢ
መሪሕነት	መሪሕ+ነት
መራሕቶም	መራሕ+ቶም
ሰዓብቶም	ሰዓብ+ቶም
ዘይከይድ	ዘይ+ከይድ
ተወዳደርቲ	ተወዳ+ደርቲ
ሰዓብቲ	ሰዓ+ብቲ
ፈተንቲ	ፈተ+ንቲ
ፀሓፍቲ	ፀሓፍ+ቲ
መክበርቲ	መክ+በርቲ
መክበርቶም	መክበር+ቶም
ኣክበርቶም	ኣ+ክ+በርቶም
ኣፃብዕቲ	ኣ+ፃብዕቲ
ኣብትርቲ	ኣ+ብት+ርቲ
መልከኛ	መል+ከኛ
ዝወደቐ	ዝ+ወደቐ
ውርደት	ውርደ+ት
ዕሊኢት	ዕሊኢ+ት
አይቐርን	አይቐር+ን
ክእለት	ክእለ+ት
ጥፍኣት	ጥፍ+ኣት
ጨንጊት	ጨንጊ+ት
ብዝዕባ	ብ+ዝዕባ
አስታት	አስ+ታት
ብዝያዳ	ብ+ዝያዳ
ሃንደበት	ሃንደበ+ት
ምህዳም	ምህዳ+ም
ትምህርቲ	ት+ምህር+ቲ
ብዝሓት	ብ+ዝ+ሓት
ዝተተሓሓዘ	ዝ+ተተሓሓዘ
ድንገት	ድንገ+ት
ትኸክል	ት+ኸክል
ንፍሩር	ን+ፍሩር
ዐዕርክነት	ዐዕርክ+ነት
ኣግኒዩ	ኣግኒ+ዩ
ብናፃ	ብ+ናፃ
ስፍሓት	ስፍ+ሓት
መሬት	መሬ+ት
መለክዒየመሬት	መለክዒየመሬ+ት
ንቑሕ	ን+ቑሕ
በዓልሙያ	በዓልሙ+ያ
ዘለዎ	ዘለ+ዎ
ንዓቐሚ	ን+ዓቐሚ
ኣዳም	ኣዳ+ም
ዝበዕሓገጎልማሳ	ዝ+በዕሓገጎልማሳ
ዘማዊ	ዘ+ማዊ
ሰበይቲ	ሰበይ+ቲ
ዝሙት	ዝ+ሙት
ዕጥራን	ዕጥ+ራን
ንምሣጥን	ን+ምሣጥ+ን
ንምግዛማእንስ	ን+ምግዛማእንስ
መፋለቲ	መፋለ+ቲ
ኣንቴና	ኣንቴ+ና
ሕውነት	ሕው+ነት
ብጣዕሚ	ብ+ጣዕሚ
ጎዲኡ	ጎዲ+ኡ
ብዓልአጋ	ብ+ዓልአጋ
ብእግሪ	ብ+እግሪ
ምኻን	ም+ኻን
ከምባሓዱሽ	ከም+ባሓዱሽ
እንደገና	እ+ንደገ+ና
ብዕድመ	ብ+ዕድመ
ዝበሰለ	ዝ+በሰለ
ኣዕቢዩ	ኣዕቢ+ዩ
አጋዲዱዎ	አጋዲዱ+ዎ
ኣብሪሁ	ኣብ+ሪሁ
ሕማም	ሕማ+ም
ዝኾነት	ዝ+ኾነ+ት
አይነት	አይ+ነት
ነፋሪት	ነፋሪ+ት
መጓዓዝያ	መጓዓዝ+ያ
አውሮፕላን	አውሮፕ+ላን
መልእኽቲ	መልእኽ+ቲ
ነፈርቲ	ነፈር+ቲ
ንኽብቲ	ን+ኽብ+ቲ
ዝኸውንለከብት	ዝ+ኸውንለከብ+ት
ዝመስል	ዝ+መስል
ብምሉኡ	ብ+ምሉ+ኡ
ዓይነት	ዓይ+ነት
ደሓን	ደ+ሓን
ምዕዋት	ምዕ+ዋት
ከምኡውን	ከም+ኡው+ን
እንኮላይ	እ+ንኮላይ
ብራኽ	ብ+ራኽ
ብኹሉ	ብ+ኹሉ
ዝተሓዋወስ	ዝ+ተሓዋወስ
ትምኒት	ት+ምኒ+ት
ሕሙማት	ሕሙ+ማት
ብዙሓት	ብ+ዙ+ሓት
ኾራዩ	ኾራ+ዩ
እንስሳ	እ+ንስሳ
ኸብቲ	ኸብ+ቲ
ዘዜና	ዘዜ+ና
ዝኽረ	ዝ+ኽረ
ዓመት	ዓመ+ት
ብስራት	ብ+ስ+ራት
ቀቢኡ	ቀቢ+ኡ
ዓጋዘን	ዓጋዘ+ን
አንቴና	አንቴ+ና
ቴሌቪዥን	ቴሌቪዥ+ን
ናይቀደም	ናይቀደ+ም
ዝኾነ	ዝ+ኾነ
ዝዝኾነ	ዝ+ዝኾነ
ሓዋርያ	ሓዋር+ያ
መሳራሕያ	መሳራሕ+ያ
ኽዳን	ኽ+ዳን
ትርፍ	ት+ርፍ
ሸውሃት	ሸው+ሃት
ድልየት	ድልየ+ት
ዝብላየዕም	ዝ+ብላየዕ+ም
ሚያዚያ	ሚያዚ+ያ
ዝርበሐሉ	ዝ+ርበሐሉ
ቅርዓት	ቅር+ዓት
ታቦት	ታቦ+ት
ቕልፅም	ቕልፅ+ም
ውግዎ	ውግ+ዎ
ሰራዊት	ሰራዊ+ት
ኩናት	ኩ+ናት
ዝተምሃረ	ዝ+ተምሃረ
ምሕታት	ምሕ+ታት
ቅጥራንን	ቅጥራን+ን
ሑፃን	ሑ+ፃን
እትሓወስ	እ+ትሓወስ
ቕድድም	ቕድድ+ም
ስፖርተኛ	ስፖርተ+ኛ
ዓለም	ዓለ+ም
ዝሓዘ	ዝ+ሓዘ
ምፍታን	ምፍ+ታን
ጅግና	ጅግ+ና
ሓየት	ሓየ+ት
ተመልከቲ	ተመልከ+ቲ
ሰማዕቲ	ሰማዕ+ቲ
ሰስፖርትን	ሰስፖርት+ን
ትልሂትን	ት+ልሂት+ን
ስልጣን	ስል+ጣን
መኺና	መኺ+ና
ንባዕልኻ	ን+ባዕልኻ
ጎዳና	ጎዳ+ና
ሽልማት	ሽል+ማት
ህፃን	ህ+ፃን
ነባይት	ነባይ+ት
ሓብሓቢት	ሓብሓቢ+ት
ንውልቁ	ን+ውልቁ
ዝነብር	ዝ+ነብር
ድሕሪት	ድሕሪ+ት
ብሃፋ	ብ+ሃፋ
ሓሰማበእንፋሎት	ሓሰማበእንፋሎ+ት
እከይ	እ+ከይ
ከረፂት	ከረፂ+ት
ውሕስና	ውሕስ+ና
ምስንካት	ምስ+ን+ካት
ሰንካቲ	ሰንካ+ቲ
መሰንክቲሕብስቲ	መሰንክቲሕብስ+ቲ
እንዳባኒዳቦ	እንዳ+ባኒዳቦ
አብርሻን	አብር+ሻን
ሰገነትሰገነት	ሰገነትሰገ+ነት
ፍሕኛ	ፍሕ+ኛ
ክርስትና	ክርስት+ና
ቡንን	ቡን+ን
መስተን	መስ+ተን
በቤት	በቤ+ት
እግሪ	እ+ግሪ
ስገም	ስገ+ም
ጥሪትን	ጥሪት+ን
ከብትን	ከብት+ን
ኻልን	ኻል+ን
ብፅንጨቲ	ብ+ፅንጨ+ቲ
እተሰርሐ	እ+ተሰርሐ
መኻን	መ+ኻን
አብትሕቲ	አብትሕ+ቲ
ዝረክብ	ዝ+ረክብ
ስኪዔት	ስኪዔ+ት
ናይሌቲ	ናይሌ+ቲ
ገምገም	ገምገ+ም
ዝመሰለ	ዝ+መሰለ
ኣራዊት	ኣራዊ+ት
ኣባሪርዎ	ኣባሪር+ዎ
ዕብቕቲ	ዕብቕ+ቲ
ኣጊፅዎ	ኣጊፅ+ዎ
ዓራት	ዓ+ራት
ቱኋን	ቱ+ኋን
ከክዳን	ከክ+ዳን
ክዳን	ክ+ዳን
ንሕቢ	ን+ሕቢ
ከብቲ	ከብ+ቲ
ንህቢ	ን+ህቢ
ምልማን	ምል+ማን
መጀመሪያ	መጀመሪ+ያ
እሩም	እ+ሩም
ይህላው	ይ+ህላው
ብድሕሪት	ብ+ድሕሪ+ት
ሕሸት	ሕሸ+ት
ምኋን	ም+ኋን
ፋቕርቲ	ፋቕር+ቲ
ኣብታህቲ	ኣብ+ታህ+ቲ
ሂብዎ	ሂብ+ዎ
ብሉዕ	ብ+ሉዕ
ኣዝዩ	ኣዝ+ዩ
ዝበለፀ	ዝ+በለፀ
ዐዓርኪ	ዐዓር+ኪ
መርዓዊ	መር+ዓዊ
ዝበለዕ	ዝ+በለዕ
ዝሓለፈ	ዝ+ሓለፈ
ቦኽዩ	ቦኽ+ዩ
ብሽክሊታ	ብ+ሽክሊታ
ብወድድር	ብ+ወድድር
ዝሓሳረ	ዝ+ሓሳረ
ዝርዝር	ዝ+ርዝር
አቑሑት	አቑሑ+ት
ዘመልክት	ዘመልክ+ት
ህያዋን	ህያ+ዋን
ትውልዲ	ት+ውልዲ
ምስክር	ምስ+ክር
ልደት	ልደ+ት
ወረቐት	ወረቐ+ት
ዕለት	ዕለ+ት
ብስኩት	ብ+ስኩ+ት
ጨጭራም	ጨጭራ+ም
አንስተጥቲ	አንስተጥ+ቲ
ዐሊም	ዐሊ+ም
ስለሌዳ	ስለ+ሌዳ
ፅሕፈት	ፅሕፈ+ት
ዘትሕጋዊ	ዘትሕ+ጋዊ
ስሕለት	ስሕለ+ት
ኣውያት	ኣው+ያት
ምዕጋት	ምዕ+ጋት
እምባባ	እ+ምባባ
ጠጥፍኣት	ጠጥፍ+ኣት
ጎቲም	ጎቲ+ም
ሰውነት	ሰው+ነት
ትርኣስ	ት+ርኣስ
ዝዓቤ	ዝ+ዓቤ
ብዙሕ	ብ+ዙሕ
ምስታይአሰስካሪ	ምስ+ታይአሰስካሪ
ወሰን	ወሰ+ን
ክልቲኦም	ክልቲ+ኦም
ታሕቲ	ታሕ+ቲ
ዓርኪ	ዓር+ኪ
ፅነት	ፅነ+ት
ካቲም	ካቲ+ም
ልጓም	ልጓ+ም
መኪና	መኪ+ና
ሕበብስቲ	ሕበብስ+ቲ
ምስባር	ምስ+ባር
ምስትንፋስ	ምስ+ትንፋስ
ዝሁል	ዝ+ሁል
ንፋስ	ን+ፋስ
ኣሕዋት	ኣሕ+ዋት
መርዓት	መር+ዓት
ብሩሕ	ብ+ሩሕ
ዝደመቐ	ዝ+ደመቐ
ኣምፂኡ	ኣምፂ+ኡ
ብቀሊል	ብ+ቀሊል
ዝስበር	ዝ+ስበር
ንእሸቶይ	ን+እሸቶይ
ጫቁት	ጫቁ+ት
ባጀት	ባጀ+ት
ትኋንንትኋን	ት+ኋንንት+ኋን
ዝመሰሉን	ዝ+መሰሉ+ን
ብዕራይ	ብ+ዕራይ
ዝራብዕ	ዝ+ራብዕ
ጥይት	ጥይ+ት
ንእሽቶይ	ን+እሽቶይ
እሳር	እ+ሳር
ንእሽታይ	ን+እሽታይ
ጠፊኡ	ጠፊ+ኡ
ደልዩ	ደል+ዩ
ጉሁም	ጉሁ+ም
ንግዲ	ን+ግዲ
እተፈላለየ	እ+ተፈላለየ
እተዋፈነረጋዴ	እ+ተዋፈነረጋዴ
ህርኩት	ህርኩ+ት
እንተኾነ	እንተ+ኾነ
መልጎም	መልጎ+ም
ብጥቓ	ብ+ጥቓ
ብዕንዐይቲ	ብ+ዕንዐይ+ቲ
ሚኒስተራት	ሚኒስተ+ራት
ብልዒ	ብ+ልዒ
እተተኣናግደራሉስን	እ+ተተኣናግደራሉስ+ን
ምስላሕ	ምስ+ላሕ
መፀብፃቢት	መፀብፃቢ+ት
ፃዊዒት	ፃዊዒ+ት
ሓሜት	ሓሜ+ት
ታኒካ	ታኒ+ካ
ዝተሓትመ	ዝ+ተሓትመ
ምስራዝ	ምስ+ራዝ
ሕቱም	ሕቱ+ም
ዝኽል	ዝ+ኽል
ዓቅን	ዓቅ+ን
ምርኾኛ	ምርኾ+ኛ
እትሕዐበሉ	እ+ትሕዐበሉ
ቀለም	ቀለ+ም
ዝተቐአ	ዝ+ተቐአ
ወረቀት	ወረቀ+ት
ካርቶን	ካርቶ+ን
ትምርቲ	ት+ምር+ቲ
ጽዕነት	ጽዕ+ነት
ምኽንያት	ምኽን+ያት
ሳንቲም	ሳንቲ+ም
ኡነት	ኡነ+ት
ትግፅ	ት+ግፅ
ሳንሰለት	ሳንሰለ+ት
አረዳኡ	አረዳ+ኡ
ፍሓም	ፍሓ+ም
ተጓይዩ	ተጓይ+ዩ
ምዕጉርቲ	ምዕጉር+ቲ
ደረት	ደረ+ት
ህፃናት	ህፃ+ናት
ቤተክርስቲያን	ቤተክርስቲ+ያን
ምሕቋን	ምሕ+ቋን
ፊልም	ፊል+ም
ትያትር	ት+ያትር
ዝረአየሉ	ዝ+ረአየሉ
ቀለቤት	ቀለቤ+ት
በዓቲ	በዓ+ቲ
ሰራሕተኛ	ሰራሕተ+ኛ
ፅርየት	ፅርየ+ት
ትኽክል	ት+ኽክል
ከኩነታት	ከኩነ+ታት
ወፂኡ	ወፂ+ኡ
ሰዓት	ሰ+ዓት
መሊኡ	መሊ+ኡ
ደበና	ደበ+ና
ፈፍሪሲዮን	ፈፍሪሲዮ+ን
እምኒ	እ+ምኒ
ኣፉዑት	ኣፉዑ+ት
ተመን	ተመ+ን
ጀበና	ጀበ+ና
ሳዑን	ሳዑ+ን
ዝሑል	ዝ+ሑል
ብርኪ	ብ+ርኪ
ትምህርቲኮሌጅ	ት+ምህርቲኮሌጅ
ምጮት	ምጮ+ት
ውዕለት	ውዕለ+ት
አቲዩ	አቲ+ዩ
ዝለተምዶ	ዝ+ለተምዶ
ብሓደ	ብ+ሓደ
ከኩባንያ	ከኩባን+ያ
ትካል	ት+ካል
ፍፁም	ፍፁ+ም
እተሓላለኽ	እ+ተሓላለኽ
ምስግና	ምስ+ግና
ሓቢኡ	ሓቢ+ኡ
ትዕቢተማ	ት+ዕቢተማ
ምግጥጣም	ምግጥጣ+ም
ከጎታት	ከጎ+ታት
ረዲኡ	ረዲ+ኡ
አመቺዩ	አመቺ+ዩ
ንስሃ	ን+ስሃ
ምስጢረኛ	ምስ+ጢረ+ኛ
ብዓል	ብ+ዓል
ምስጢር	ምስ+ጢር
ረጊኡ	ረጊ+ኡ
ምስምማፅ	ምስ+ምማፅ
ሕሊና	ሕሊ+ና
ሓሊዩ	ሓሊ+ዩ
ብጣእሚ	ብ+ጣእሚ
ሕብረት	ሕብረ+ት
ሰበይቲህብረት	ሰበይቲህብረ+ት
ንቕዐት	ን+ቕዐ+ት
ንኡስልኡኽ	ን+ኡስልኡኽ
ዝላገብ	ዝ+ላገብ
ደስኢሉም	ደስኢሉ+ም
ድንገተኛ	ድንገተ+ኛ
እተኸልከለ	እ+ተኸልከለ
ሕጋዊ	ሕ+ጋዊ
ተፈላሊዩ	ተፈላሊ+ዩ
ሒሽዎ	ሒሽ+ዎ
ስምምፅነት	ስምምፅ+ነት
ተጋንዩ	ተጋን+ዩ
ዝተለወጠ	ዝ+ተለወጠ
ኣብሲሉ	ኣብ+ሲሉ
ምስራሕ	ምስ+ራሕ
ምክሻን	ምክ+ሻን
ዓፂዎ	ዓፂ+ዎ
ቀዳሒት	ቀዳሒ+ት
ገልባጢት	ገልባጢ+ት
ዚፈትዎ	ዚፈት+ዎ
ዕፉን	ዕፉ+ን
ምእራም	ምእራ+ም
ኣባላሺዎ	ኣባላሺ+ዎ
ምስዓል	ምስ+ዓል
ሰብኣትን	ሰብኣት+ን
ሰበጥንት	ሰበጥን+ት
ቤተት	ቤተ+ት
ምሽፋን	ምሽ+ፋን
ምኽዳን	ምኽ+ዳን
ተመኒዩ	ተመኒ+ዩ
ኢልካ	ኢል+ካ
ዘይምርአይአይን	ዘይምርአይአይ+ን
ንቑፅ	ን+ቑፅ
እተልእል	እ+ተልእል
ሰሳዑን	ሰሳዑ+ን
ካሴት	ካሴ+ት
ዕንጨይቲ	ዕንጨይ+ቲ
ፈቲዩ	ፈቲ+ዩ
ለልሕመት	ለልሕመ+ት
ገበን	ገበ+ን
መልቲ	መል+ቲ
ምህርቲ	ምህር+ቲ
እኽሊ	እ+ኽሊ
ምስጋር	ምስ+ጋር
አድቢዩ	አድቢ+ዩ
እኩብ	እ+ኩብ
ሃናት	ሃ+ናት
ኣሳቒዩ	ኣሳቒ+ዩ
ጨካን	ጨ+ካን
ምጭፍላት	ምጭፍ+ላት
ስንኩላት	ስንኩ+ላት
ገበነኛ	ገበነ+ኛ
መድዓዊ	መድ+ዓዊ
ኩንታት	ኩን+ታት
ስርዓት	ስር+ዓት
ሓላዊ	ሓ+ላዊ
መዕበዩት	መዕበዩ+ት
ቀባቢኡ	ቀባቢ+ኡ
ጣቢያ	ጣቢ+ያ
ብልሽዊ	ብ+ልሽዊ
ጭርናዕቲ	ጭርናዕ+ቲ
ሓደገኛ	ሓደገ+ኛ
ዐልማት	ዐል+ማት
ብጉሓት	ብ+ጉ+ሓት
መዓልቲ	መዓል+ቲ
ብቕድሚ	ብ+ቕድሚ
ትማሊ	ት+ማሊ
ንግሆ	ን+ግሆ
ዲያቆን	ዲያቆ+ን
ዝሞተ	ዝ+ሞተ
ፀማም	ፀማ+ም
ዓርማም	ዓርማ+ም
ተፈታዊ	ተፈ+ታዊ
ሕፅረት	ሕፅረ+ት
ውድቐት	ውድቐ+ት
አሳሓሓቲ	አሳሓሓ+ቲ
ምውሳን	ምው+ሳን
ዓጋዜን	ዓጋዜ+ን
እምቢተኛ	እ+ምቢተ+ኛ
ጉድለት	ጉድለ+ት
ሕዕረት	ሕዕረ+ት
እበርቢሩ	እ+በርቢሩ
ትሕት	ት+ሕት
አቢሊዎ	አቢሊ+ዎ
ጥዑም	ጥዑ+ም
ገበነን	ገበነ+ን
ሓኪም	ሓኪ+ም
ሞዋቲ	ሞዋ+ቲ
ዕግዕተኛ	ዕግዕተ+ኛ
ወዲኡ	ወዲ+ኡ
አውፂእዎ	አውፂእ+ዎ
ነውረኛ	ነውረ+ኛ
ጠጥልቀት	ጠጥልቀ+ት
ዑምቆት	ዑምቆ+ት
ዝግፊ	ዝ+ግፊ
ፕላን	ፕ+ላን
ትልሚ	ት+ልሚ
ሓዲግዎ	ሓዲግ+ዎ
ንዒቑ	ን+ዒቑ
ዝብላዕ	ዝ+ብላዕ
ምስኪን	ምስ+ኪን
ምልኣት	ምል+ኣት
ንኣብነት	ን+ኣብ+ነት
ተበላሺዩ	ተበላሺ+ዩ
ሰይጣን	ሰይ+ጣን
ሸኮሪያ	ሸኮሪ+ያ
ተለፎን	ተለፎ+ን
ቃላት	ቃ+ላት
ጠፈኡ	ጠፈ+ኡ
በንዚን	በንዚ+ን
ዝተፋላለየ	ዝ+ተፋላለየ
ሕፍረት	ሕፍረ+ት
ትጉህ	ት+ጉህ
ንጉዕ	ን+ጉዕ
ነኪዩ	ነኪ+ዩ
በሊኡ	በሊ+ኡ
ዝብለዐሉ	ዝ+ብለዐሉ
መይለኛ	መይለ+ኛ
አንፈት	አንፈ+ት
ርስሓት	ርስ+ሓት
ገጉድኣት	ገጉድ+ኣት
ደብርዩ	ደብር+ዩ
ተረዲኡ	ተረዲ+ኡ
ትሑት	ት+ሑት
አላቒቕዎ	አላቒቕ+ዎ
ኣበሳሺዩ	ኣበሳሺ+ዩ
ሓፍረት	ሓፍረ+ት
ዕልኣት	ዕል+ኣት
ዝርኽርኽ	ዝ+ርኽርኽ
ብኹን	ብ+ኹን
ርሕቀት	ርሕቀ+ት
ዝተፈልጠ	ዝ+ተፈልጠ
ምክፋት	ምክ+ፋት
እምነት	እ+ምነ+ት
እንሰሳ	እ+ንሰሳ
ርግቢት	ርግቢ+ት
ነንታሕቲ	ነንታሕ+ቲ
ኣብታሕቲ	ኣብ+ታሕ+ቲ
ውድቀት	ውድቀ+ት
ብዙህ	ብ+ዙህ
ደርዘን	ደርዘ+ን
ፅንቅፋት	ፅንቅ+ፋት
ክፍሊመሳቢያ	ክፍሊመሳቢ+ያ
ምስታይ	ምስ+ታይ
ተስትዩ	ተስት+ዩ
ሰካራም	ሰካራ+ም
ባሃም	ባሃ+ም
ዶሮና	ዶሮ+ና
ድርኪ	ድር+ኪ
እንቋቁሖ	እ+ንቋቁሖ
ንስሪ	ን+ስሪ
እዝኒ	እ+ዝኒ
ሸቑርን	ሸቑር+ን
ኩትሻን	ኩት+ሻን
ዝመስሉ	ዝ+መስሉ
ምልክት	ምልክ+ት
ጎንደራዓነት	ጎንደራዓ+ነት
ከካም	ከካ+ም
ትንሳኤ	ት+ንሳኤ
እንፋስጋ	እ+ንፋስጋ
ምብራቓዊ	ምብራ+ቓዊ
ብቐሊል	ብ+ቐሊል
አይነዛነዝን	አይነዛነዝ+ን
ኮዳም	ኮዳ+ም
አሳናዲዩ	አሳናዲ+ዩ
አዳላዊ	አዳ+ላዊ
ምስትምሃር	ምስ+ትምሃር
ኣጥፊኡ	ኣጥፊ+ኡ
ወውፅኢት	ወውፅኢ+ት
ጉድኣት	ጉድ+ኣት
ደማም	ደማ+ም
ፅፅረት	ፅፅረ+ት
ቅረፍቲ	ቅረፍ+ቲ
ሰማንያ	ሰማን+ያ
ካብክልቲኡ	ካብ+ክልቲ+ኡ
ሓዲኡ	ሓዲ+ኡ
ተፊኡ	ተፊ+ኡ
ዝምረዕ	ዝ+ምረዕ
ሠራሕተኛ	ሠራሕተ+ኛ
ዝበለ	ዝ+በለ
ናብርሻን	ናብ+ር+ሻን
መጎዓዓዚት	መጎዓዓዚ+ት
ኣስርት	ኣስር+ት
እንተዘይሃለወ	እንተ+ዘይሃለወ
ሓንቲ	ሓን+ቲ
አውፂኡ	አውፂ+ኡ
ፊሓም	ፊሓ+ም
ኣፅሊኡ	ኣፅሊ+ኡ
ኣርማያ	ኣርማ+ያ
ቀጠልያ	ቀጠል+ያ
ኩነታት	ኩነ+ታት
ስደተኛ	ስደተ+ኛ
ፈፍሉት	ፈፍሉ+ት
መልአኽተኛ	መልአኽተ+ኛ
ስሚዒት	ስሚዒ+ት
ትሕቲ	ት+ሕቲ
ብጉስ	ብ+ጉስ
እትማሓደር	እ+ትማሓደር
ምግጣም	ምግጣ+ም
ዳፊኡ	ዳፊ+ኡ
ይሒሱ	ይ+ሒሱ
ፅንቕፋት	ፅንቕ+ፋት
ፀገም	ፀገ+ም
ምፍፃም	ምፍፃ+ም
ፅንዓት	ፅን+ዓት
ዝማርኸ	ዝ+ማርኸ
ኣፅብዩ	ኣፅብ+ዩ
አረዲኡ	አረዲ+ኡ
ፀላኢነት	ፀላኢ+ነት
እኹል	እ+ኹል
በባሪያ	በባሪ+ያ
ኣፃዋቲ	ኣፃዋ+ቲ
ብመሊኡ	ብ+መሊ+ኡ
ክፍሊቲ	ክፍሊ+ቲ
ንመእተዊ	ን+መእተዊ
ዝኽፈል	ዝ+ኽፈል
ስታሪት	ስታሪ+ት
መንግስቲ	መንግስ+ቲ
ቕንኣት	ቕን+ኣት
ህማም	ህማ+ም
ጥምቀት	ጥምቀ+ት
ንፍቀ	ን+ፍቀ
ቅናት	ቅ+ናት
ናውቲ	ናው+ቲ
መልአእክቲ	መልአእክ+ቲ
ፈፍልጠት	ፈፍልጠ+ት
ሰኒዩ	ሰኒ+ዩ
ምስናይ	ምስ+ናይ
ዝተፈልተ	ዝ+ተፈልተ
ንብዙሕ	ን+ብዙሕ
ዝበአስ	ዝ+በአስ
ምሸት	ምሸ+ት
እዋን	እ+ዋን
ኣውፂኡ	ኣውፂ+ኡ
ኮርማም	ኮርማ+ም
ኣንስተይቲ	ኣንስተይ+ቲ
ኣብኢስዎ	ኣብ+ኢስ+ዎ
ትኽክለኛ	ት+ኽክለ+ኛ
ኣብነት	ኣብ+ነት
ብዘይ	ብ+ዘይ
ብዘይካ	ብ+ዘይ+ካ
አሳቂዩ	አሳቂ+ዩ
ምክንያት	ምክን+ያት
ይቕርታ	ይ+ቕርታ
ዝተሟለኣ	ዝ+ተሟለኣ
ሒወት	ሒወ+ት
ምስፍህፋመሕዘርጋት	ምስ+ፍህፋመሕዘር+ጋት
ጥንስረቲ	ጥንስረ+ቲ
መደዲኡ	መደዲ+ኡ
ኣብራህ	ኣብ+ራህ
ብዝበዛ	ብ+ዝበዛ
ንወፃኢ	ን+ወፃኢ
ዝለኣኽ	ዝ+ለኣኽ
ለላኣኪ	ለላኣ+ኪ
ግዳም	ግዳ+ም
ምእማን	ምእ+ማን
ሽፋሽፍቲ	ሽፋሽፍ+ቲ
ነበረያ	ነበረ+ያ
ንፊት	ን+ፊት
እናወደቐ	እ+ናወደቐ
ምእመን	ምእመ+ን
ብፍቕሪ	ብ+ፍቕሪ
ሓሶት	ሓሶ+ት
ስደድራቤት	ስደድራቤ+ት
ጥሜት	ጥሜ+ት
አየርማራገቢያ	አየርማራገቢ+ያ
ደሓንኩን	ደሓንኩ+ን
ርጉደት	ርጉደ+ት
ከፍቲ	ከፍ+ቲ
ድኹም	ድኹ+ም
ተሰሚዕዎ	ተሰሚዕ+ዎ
ስምዒት	ስምዒ+ት
ምሰኪን	ምሰኪ+ን
ወንጀለኛ	ወንጀለ+ኛ
አንስተይቲ	አንስተይ+ቲ
መካበቢያ	መካበቢ+ያ
እተሳግርእየተመጓዝመ	እ+ተሳግርእየተመጓዝመ
ዝሰርሖ	ዝ+ሰርሖ
ኣድናቖት	ኣድናቖ+ት
ዘዝሸትት	ዘዝሸት+ት
ዝጨኑ	ዝ+ጨኑ
ብርክት	ብ+ርክ+ት
ሕፅይቲ	ሕፅይ+ቲ
ዝረሰነ	ዝ+ረሰነ
ንስእሊ	ን+ስእሊ
ኣብመወዳእታ	ኣብ+መወዳእታ
ብስራሕ	ብ+ስራሕ
ቀፂኡ	ቀፂ+ኡ
ቅፅዓት	ቅፅ+ዓት
አፃብእቲ	አፃብእ+ቲ
ትኪወይ	ት+ኪወይ
እትድውልእሳት	እ+ትድውልእ+ሳት
ፍጡን	ፍጡ+ን
ረዳኤት	ረዳኤ+ት
ፅገና	ፅገ+ና
ኣቁሑት	ኣቁሑ+ት
ድምቐት	ድምቐ+ት
ብርህ	ብ+ርህ
መብረራህቲ	መብረራህ+ቲ
ላምባዲና	ላምባዲ+ና
ብልጭልጭ	ብ+ልጭልጭ
ብፍፁም	ብ+ፍፁ+ም
ርሻን	ር+ሻን
ዋሽንት	ዋሽን+ት
ዝምቢ	ዝ+ምቢ
እንጀራ	እ+ንጀራ
እንጌራ	እ+ንጌራ
እግር	እ+ግር
ጥንቢት	ጥንቢ+ት
ቅድሚት	ቅድሚ+ት
ምስናዕ	ምስ+ናዕ
አኣምሲልካ	አኣምሲል+ካ
ይቕረ	ይ+ቕረ
ንቕድሚት	ን+ቕድሚ+ት
መሰረት	መሰረ+ት
ብርዒ	ብ+ርዒ
አረርባዕት	አረርባዕ+ት
መኻርያ	መኻር+ያ
ስብራት	ስብ+ራት
መቓን	መ+ቓን
ነፃነት	ነፃ+ነት
ሓርነት	ሓር+ነት
ብተዳጋጋሚ	ብ+ተዳጋጋሚ
ተበሳጪዩ	ተበሳጪ+ዩ
ዕርክነት	ዕርክ+ነት
ምሕዝነት	ምሕዝ+ነት
ምስምባድ	ምስ+ምባድ
ብኽንቱ	ብ+ኽንቱ
እተሳግርእበተ-ጓምዝክ	እ+ተሳግርእበተ-ጓምዝክ
ዝረርባብ	ዝ+ረርባብ
ንዒቁ	ን+ዒቁ
ቆልዩ	ቆል+ዩ
ፈንዲኡ	ፈንዲ+ኡ
ኣቑሑት	ኣቑሑ+ት
ትርፊ	ት+ርፊ
ሓሞት	ሓሞ+ት
ብብዝሓት	ብ+ብዝ+ሓት
ቑማርተኛ	ቑማርተ+ኛ
ግጥም	ግጥ+ም
ርሰሓት	ርሰ+ሓት
አሕምልትን	አሕምልት+ን
ፍረታትን	ፍረታት+ን
ኣትኽልተኛ	ኣትኽልተ+ኛ
ሽጉርቲ	ሽጉር+ቲ
መሸቲ	መሸ+ቲ
ብርቕርቕ	ብ+ርቕርቕ
ዓቀን	ዓቀ+ን
ትኩር	ት+ኩር
ፍጥነት	ፍጥ+ነት
ሓፋሻዊ	ሓፋ+ሻዊ
ኣብውህትድርና	ኣብ+ውህትድር+ና
ማዕረግከፍተኛ	ማዕረግከፍተ+ኛ
እፁብ	እ+ፁብ
ጎይታታት	ጎይታ+ታት
ኹቡራን	ኹቡ+ራን
ብቕስ	ብ+ቕስ
መኻንንቲ	መኻንን+ቲ
ትምህርተ-ዓለም	ት+ምህርተ-ዓለ+ም
ፍጥረት	ፍጥረ+ት
ዘምፅእተዋህሲየን	ዘምፅእተዋህሲየ+ን
ኣግንዩ	ኣግን+ዩ
ገዝኡ	ገዝ+ኡ
ኣትዩ	ኣት+ዩ
ብሓባር	ብ+ሓባር
ኣፍቃሪት	ኣፍቃሪ+ት
ብርጭቆ	ብ+ርጭቆ
ዘርኢመሬት	ዘርኢመሬ+ት
ብርሃን	ብ+ር+ሃን
ሙቐት	ሙቐ+ት
እግዚዛብሄር	እ+ግዚዛብሄር
ምሟት	ምሟ+ት
ጉሩነረጉሪት	ጉሩነረጉሪ+ት
ውዒልካ	ውዒል+ካ
ስቕለት	ስቕለ+ት
ከመይሓዲርካ	ከመይሓዲር+ካ
ሓላዊት	ሓላዊ+ት
ወጊኡ	ወጊ+ኡ
ውፅኢት	ውፅኢ+ት
ብትምህርቲ	ብ+ትምህር+ቲ
እኖሕጎ	እ+ኖሕጎ
እኖሕጎታት	እ+ኖሕጎ+ታት
አቦሕጎታት	አቦሕጎ+ታት
ኾረት	ኾረ+ት
ሲበት	ሲበ+ት
ስስፅና	ስስፅ+ና
ብኢድ	ብ+ኢድ
ሓዘን	ሓዘ+ን
ሓዘንተኛ	ሓዘንተ+ኛ
ርሃፅን	ርሃፅ+ን
ዓብዩ	ዓብ+ዩ
ኣላይት	ኣላይ+ት
ኣካቢት	ኣካቢ+ት
ምግማት	ምግ+ማት
ግርፃን	ግር+ፃን
ብረት	ብ+ረት
ኣካላት	ኣካ+ላት
ዥኽውን	ዥኽው+ን
ንንኡሽቴ	ን+ንኡሽቴ
ምቑናን	ምቑ+ናን
ምቕምቃም	ምቕምቃ+ም
ቆናኒት	ቆናኒ+ት
መሻጢት	መሻጢ+ት
ብስጋን	ብ+ስ+ጋን
ሽጉርተን	ሽጉር+ተን
ሂቡዎ	ሂቡ+ዎ
ድኻም	ድኻ+ም
ኣይትንካኣዮ	ኣይ+ትንካኣዮ
ኣይፈላለዩን	ኣይ+ፈላለዩ+ን
መአረምያ	መአረም+ያ
አሰስጊኡ	አሰስጊ+ኡ
ዓፂዩ	ዓፂ+ዩ
ብድንገት	ብ+ድንገ+ት
ኩነት	ኩነ+ት
ድሱት	ድሱ+ት
ብእግዚኣብሄር	ብ+እግዚኣብሄር
የለም	የለ+ም
ሸጊርዎ	ሸጊር+ዎ
ፀጊምዎ	ፀጊም+ዎ
ካብልቡ	ካብ+ልቡ
በብልፍዓት	በብልፍ+ዓት
ልማደኛ	ልማደ+ኛ
በገና	በገ+ና
ኣፍሪዩ	ኣፍሪ+ዩ
እቶት	እ+ቶት
ዐሊኡ	ዐሊ+ኡ
ትዕቢት	ት+ዕቢ+ት
አለዎ	አለ+ዎ
አበላሺዩ	አበላሺ+ዩ
መብራህቲ	መብራህ+ቲ
መኪናየፊት	መኪናየፊ+ት
መምርሒዋና	መምርሒዋ+ና
ዕንፀይቲ	ዕንፀይ+ቲ
ንግምባር	ን+ግምባር
ደፊኡ	ደፊ+ኡ
ተሳለዩ	ተሳለ+ዩ
ጥዕና	ጥዕ+ና
ከክንክን	ከክን+ክን
ጥእና	ጥእ+ና
ርዕዩ	ርዕ+ዩ
እተጓዕዝ	እ+ተጓዕዝ
ትርታ	ት+ርታ
ዝፈልፈለ	ዝ+ፈልፈለ
ግፍዐኛ	ግፍዐ+ኛ
ዝሓዘነ	ዝ+ሓዘነ
ንልዲ	ን+ልዲ
አረመኔያዊ	አረመኔ+ያዊ
መንግስት	መንግስ+ት
ሰማይት	ሰማይ+ት
ብሩህ	ብ+ሩህ
ብሓይሊ	ብ+ሓይሊ
ኽባድነት	ኽባድ+ነት
መሳሪያ	መሳሪ+ያ
ሰላም	ሰላ+ም
ብሓፂን	ብ+ሓፂ+ን
እተስርሀ	እ+ተስርሀ
ተቐምቅማት	ተቐምቅ+ማት
ጓሳከብቲ	ጓሳከብ+ቲ
ገዲም	ገዲ+ም
ካብዙይ	ካብ+ዙይ
ንድሓርከእንግዲህ	ን+ድሓርከእንግዲህ
ባሕታዊ	ባሕ+ታዊ
ጀግና	ጀግ+ና
በይና	በይ+ና
ብሕታ	ብ+ሕታ
ቆርበት	ቆርበ+ት
ብረርኺ	ብ+ረርኺ
ሰልጣናት	ሰልጣ+ናት
ንዊሕ	ን+ዊሕ
ተፈትዩ	ተፈት+ዩ
ዝተወለደ	ዝ+ተወለደ
ዝተማሃረ	ዝ+ተማሃረ
ከምዝፈተው	ከም+ዝፈተው
ከምዝደሌ	ከም+ዝደሌ
ምጭቋን	ምጭ+ቋን
ዝሓስብ	ዝ+ሓስብ
ቀጢን	ቀጢ+ን
ሊቀካህናት	ሊቀካህ+ናት
ከፍተኛ	ከፍተ+ኛ
ትምህርቲሁለተኛ	ት+ምህርቲሁለተ+ኛ
ባዓልዋና	ባዓልዋ+ና
ዘይብሎም	ዘይብሎ+ም
ባሕርታትባለቤት	ባሕርታትባለቤ+ት
ኢሉዎ	ኢሉ+ዎ
ግዚኡ	ግዚ+ኡ
ጨውዩ	ጨው+ዩ
ብዓርሱ	ብ+ዓርሱ
ብዕርሱ	ብ+ዕርሱ
ምሕኹልቲ	ምሕኹል+ቲ
ብዕድል	ብ+ዕድል
ተነኺኡ	ተነኺ+ኡ
ንመዛና	ን+መዛ+ና
ግዒኢልካ	ግዒኢል+ካ
ዝግበር	ዝ+ግበር
ፀወታት	ፀወ+ታት
መኩዓቲ	መኩዓ+ቲ
አሰስጢምካ	አሰስጢም+ካ
ንብረት	ን+ብረ+ት
ትሕጃ	ት+ሕጃ
ተሓቢኡ	ተሓቢ+ኡ
ቁርባን	ቁር+ባን
ክህነት	ክህ+ነት
ኣኽብሮት	ኣኽብሮ+ት
ንኽባር	ን+ኽባር
ምስጋና	ምስ+ጋና
ናብገዛ	ናብ+ገዛ
ውሽቲ	ውሽ+ቲ
ምክኣን	ምክ+ኣን
ናብገዛኡ	ናብ+ገዛ+ኡ
ሓደዓይነት	ሓደዓይ+ነት
ብሓቂ	ብ+ሓቂ
ሓቀኝነት	ሓቀኝ+ነት
ሕፅኖት	ሕፅኖ+ት
ገዝኦም	ገዝ+ኦም
ዝተኸበረ	ዝ+ተኸበረ
ብኽዘራ	ብ+ኽዘራ
ፈረሰና	ፈረሰ+ና
አጋይሽማደሪያ	አጋይሽማደሪ+ያ
ተቐባሊት	ተቐባሊ+ት
ርሱን	ርሱ+ን
መመገብን	መመገብ+ን
መደቀስን	መደቀስ+ን
ስዓት	ስ+ዓት
እስር	እ+ስር
ከካዳሚት	ከካዳሚ+ት
እትውዕል	እ+ትውዕል
ብኽመይ	ብ+ኽመይ
ሕምብርቲ	ሕምብር+ቲ
ንእሽተይ	ን+እሽተይ
ዘለዎእርጥበት	ዘለዎእርጥበ+ት
ምኢት	ምኢ+ት
ዝጠመየ	ዝ+ጠመየ
ምህዳን	ምህ+ዳን
ይሃድን	ይ+ሃድ+ን
ይደሊ	ይ+ደሊ
ዝብኢ	ዝ+ብኢ
ዝተመሳሰለ	ዝ+ተመሳሰለ
ጌርካም	ጌርካ+ም
ላህማም	ላህማ+ም
ዘይፈቲ	ዘይፈ+ቲ
ጣኦት	ጣኦ+ት
እንተ	እ+ንተ
ዝኽውን	ዝ+ኽው+ን
ብፅልግና	ብ+ፅልግ+ና
ዘይህጋዊ	ዘይህ+ጋዊ
መሀይም	መሀይ+ም
ዝተስሓሓተ	ዝ+ተስሓሓተ
ፍሉት	ፍሉ+ት
ብቕዓት	ብ+ቕ+ዓት
ቅፅበት	ቅፅበ+ት
ካብጥንቲ	ካብ+ጥን+ቲ
ስደተት	ስደተ+ት
ፍልሰት	ፍልሰ+ት
ትሕትና	ት+ሕት+ና
ዝጎደደሎ	ዝ+ጎደደሎ
ንባዕሉ	ን+ባዕሉ
መስዋእት	መስዋእ+ት
ግብረገብነት	ግብረገብ+ነት
ብተፈጥሮ	ብ+ተፈጥሮ
ዐውዩ	ዐው+ዩ
ጠምቢዩ	ጠምቢ+ዩ
ስሜት	ስሜ+ት
ተትዕግስቲ	ተትዕግስ+ቲ
ምስኣን	ምስ+ኣን
ዐዕንቅፋት	ዐዕንቅ+ፋት
ብቐረባ	ብ+ቐረባ
ዝኽእል	ዝ+ኽእል
ዝተማለእ	ዝ+ተማለእ
ብዕልግና	ብ+ዕልግ+ና
ዘይጭነት	ዘይጭ+ነት
አምፂኡ	አምፂ+ኡ
ዝኣቱ	ዝ+ኣቱ
ኽውን	ኽው+ን
አድኪዩ	አድኪ+ዩ
እንከይ	እ+ንከይ
ቀሪዩ	ቀሪ+ዩ
ርግማን	ርግ+ማን
ብቐሊሉ	ብ+ቐሊሉ
ዝኣምን	ዝ+ኣም+ን
ዝድነቕ	ዝ+ድነቕ
እስራት	እ+ስ+ራት
ዘይኽውን	ዘይኽው+ን
እንከይተዳለወ	እ+ንከይተዳለወ
ደድልየት	ደድልየ+ት
ስምኢት	ስምኢ+ት
ትርግታ	ት+ርግታ
ስንፍና	ስንፍ+ና
አያኣክልን	አያኣክል+ን
ብዘዜ	ብ+ዘዜ
ምፍላት	ምፍ+ላት
ዝተገብር	ዝ+ተገብር
እንከይፈለየ	እ+ንከይፈለየ
ኣይዛረብን	ኣይ+ዛረብ+ን
ከምምኻኑ	ከም+ምኻኑ
መተን	መተ+ን
ደድጋም	ደድጋ+ም
ቀርዩ	ቀር+ዩ
ዕጣን	ዕ+ጣን
ኣባሳጪዩ	ኣባሳጪ+ዩ
ዘይምኳን	ዘይም+ኳን
እንከይኣቋረፀ	እ+ንከይኣቋረፀ
ብቐስ	ብ+ቐስ
ንሕንጢጥ	ን+ሕንጢጥ
ቀዲድካ	ቀዲድ+ካ
ምፅጋን	ምፅ+ጋን
ደፋፊኡ	ደፋፊ+ኡ
ዝንባሌ	ዝ+ንባሌ
ዝተትሓሓዘ	ዝ+ተትሓሓዘ
እንተይ	እ+ንተይ
አታዊ	አ+ታዊ
ሃብቲ	ሃብ+ቲ
ከእለት	ከእለ+ት
ዘይእመን	ዘይእመ+ን
አይስማዕማዕን	አይስማዕማዕ+ን
ትኽክለል	ት+ኽክለል
ዝበለቦ	ዝ+በለቦ
ዘይድሕን	ዘይድሕ+ን
ብርግፅ	ብ+ርግፅ
ናፅነት	ናፅ+ነት
ድኽነት	ድኽ+ነት
ኤበለን	ኤበለ+ን
ንብሕቱ	ን+ብሕቱ
ኣብገዛ	ኣብ+ገዛ
አታኣታትዩ	አታኣታት+ዩ
ተልዒልዎ	ተልዒል+ዎ
ፃዕራም	ፃዕራ+ም
እንዱስትሪ	እ+ንዱስትሪ
ኣይፍለጥን	ኣይ+ፍለጥ+ን
ዘይሳሓሓት	ዘይሳሓ+ሓት
ነኺኡ	ነኺ+ኡ
ዝሰደደ	ዝ+ሰደደ
ትእዛዝ	ት+እዛዝ
ሓማታት	ሓማ+ታት
እስረኛ	እ+ስረ+ኛ
እሱር	እ+ሱር
ንኡሸተይ	ን+ኡሸተይ
ውሽጣዊ	ውሽ+ጣዊ
ብልተጠየቀ	ብ+ልተጠየቀ
ጥዒና	ጥዒ+ና
ውኒኡ	ውኒ+ኡ
ጠፊእዎ	ጠፊእ+ዎ
ከምዋያ	ከም+ዋያ
ኤቆዐሮን	ኤቆዐሮ+ን
ኣፍዚዝዎ	ኣፍዚዝ+ዎ
ዘይፈላለዩ	ዘይፈላለ+ዩ
የብሉን	የብሉ+ን
ጎብንዩ	ጎብን+ዩ
መሰሳርሒታት	መሰሳርሒ+ታት
ንደሴት	ን+ደሴ+ት
ውሕሳና	ውሕሳ+ና
ህውከት	ህውከ+ት
እንተይተሰበረ	እንተ+ይተሰበረ
ናይም	ናይ+ም
ብልሂ	ብ+ልሂ
ዝስማፅ	ዝ+ስማፅ
አእትዩ	አእት+ዩ
በፂሕዎ	በፂሕ+ዎ
ተገዳስነት	ተገዳስ+ነት
ጊዜጣዊ	ጊዜ+ጣዊ
ዕረፍቲ	ዕረፍ+ቲ
እንከይተናዘዘ	እ+ንከይተናዘዘ
ዘይልወት	ዘይልወ+ት
ዘስልኪ	ዘስል+ኪ
ሓዳን	ሓ+ዳን
ሓፂንካውያ	ሓፂንካው+ያ
ሓላፊነት	ሓላፊ+ነት
ምሰልምና	ምሰልም+ና
ደሴት	ደሴ+ት
ከካብካልኦት	ከካብካልኦ+ት
ፊሊዩ	ፊሊ+ዩ
ካብካኦት	ካብ+ካኦ+ት
ፈሊዩ	ፈሊ+ዩ
ማእሰርቲ	ማእሰር+ቲ
ማህበርተኛ	ማህበርተ+ኛ
መፅሄት	መፅሄ+ት
ጋዜጠኛ	ጋዜጠ+ኛ
ፍረታት	ፍረ+ታት
ኣቲዩ	ኣቲ+ዩ
ደርብዩ	ደርብ+ዩ
ሰንድዩ	ሰንድ+ዩ
ኩሊት	ኩሊ+ት
ዐዓይነት	ዐዓይ+ነት
ኣብሪሑ	ኣብ+ሪሑ
ንጉስ	ን+ጉስ
ዓሌት	ዓሌ+ት
ምስዓም	ምስ+ዓም
ብካራ	ብ+ካራ
እንፀይቲ	እ+ንፀይ+ቲ
ፍልጠት	ፍልጠ+ት
ምስያም	ምስ+ያም
ተንገላቲኡ	ተንገላቲ+ኡ
መዓልታዊ	መዓል+ታዊ
ብብዙሕ	ብ+ብዙሕ
ማንካ	ማን+ካ
ክብርቲ	ክብር+ቲ
ብኽያት	ብ+ኽ+ያት
ትዲኡ	ት+ዲኡ
ጭርኡ	ጭር+ኡ
ፈታዊት	ፈታዊ+ት
ሰሙን	ሰሙ+ን
መወዋቲ	መወዋ+ቲ
ዝተደጎለ	ዝ+ተደጎለ
ዝተሰርሐ	ዝ+ተሰርሐ
እዋናቂ	እ+ዋናቂ
ትኩስ	ት+ኩስ
ሳሙና	ሳሙ+ና
ምስሓቕ	ምስ+ሓቕ
ንኹን	ን+ኹን
ሓልዩ	ሓል+ዩ
ብርቱ	ብ+ርቱ
ተሰራጪዩ	ተሰራጪ+ዩ
ወፂዩ	ወፂ+ዩ
ንላዕሊ	ን+ላዕሊ
ብቃሉ	ብ+ቃሉ
ዝተምሃሪ	ዝ+ተምሃሪ
ተኻሪዩ	ተኻሪ+ዩ
ምራን	ም+ራን
መባኹዕቲ	መባኹዕ+ቲ
ትምህርት	ት+ምህር+ት
ፀጋም	ፀጋ+ም
ለሚን	ለሚ+ን
ብቑመቱ	ብ+ቑመቱ
መስትያት	መስት+ያት
ብርሽን	ብ+ርሽ+ን
ብርሱን	ብ+ርሱ+ን
ድውየት	ድውየ+ት
ዝነኣስ	ዝ+ነኣስ
ኣእትዩ	ኣእት+ዩ
ዝተስተኻኽለ	ዝ+ተስተኻኽለ
ሓሳዊ	ሓ+ሳዊ
ሰስም	ሰስ+ም
ሓሰት	ሓሰ+ት
ሓሲዩ	ሓሲ+ዩ
ምኢቲ	ምኢ+ቲ
ሂወት	ሂወ+ት
ሕይወት	ሕይወ+ት
ተገኒዩ	ተገኒ+ዩ
እቲነገር	እ+ቲነገር
ተረዲእዎ	ተረዲእ+ዎ
ኣብራህሪሁ	ኣብ+ራህሪሁ
ነናይከብቲ	ነናይከብ+ቲ
ዝማሳሰል	ዝ+ማሳሰል
ከምዙይ	ከም+ዙይ
አቐን	አቐ+ን
ውሱን	ውሱ+ን
ፆምሊዩ	ፆምሊ+ዩ
ብምሉዕ	ብ+ምሉዕ
አይተስማመዐን	አይተስማመዐ+ን
ብቀጥታ	ብ+ቀጥታ
ዝወረደ	ዝ+ወረደ
ንውሓት	ን+ው+ሓት
እንጣጢእ	እ+ንጣጢእ
ምፅሓፍን	ምፅሓፍ+ን
ምንባብን	ምንባብ+ን
ብቓል	ብ+ቓል
ተሟጋቲ	ተሟጋ+ቲ
ምቕማት	ምቕ+ማት
አላሕም	አላሕ+ም
ክፍሊመመገብን	ክፍሊመመገብ+ን
መውግፅን	መውግፅ+ን
ፅዕነት	ፅዕ+ነት
ሕብስቲ	ሕብስ+ቲ
ዝፈትሕ	ዝ+ፈትሕ
ከባብያዊ	ከባብ+ያዊ
ገጎታቲ	ገጎታ+ቲ
ብርኽ	ብ+ርኽ
ንበይኑ	ን+በይኑ
ንነዊህ	ን+ነዊህ
ንነዊሕግዘ	ን+ነዊሕግዘ
ናፍቖት	ናፍቖ+ት
ደሊዩ	ደሊ+ዩ
ብዓይኑ	ብ+ዓይኑ
ዝመፅእ	ዝ+መፅእ
ንዒወቑ	ን+ዒወቑ
ተርእዩ	ተርእ+ዩ
ምስትኽኻል	ምስ+ትኽኻል
ጎይታና	ጎይታ+ና
ንዐጉሪ	ን+ዐጉሪ
ንገፅ	ን+ገፅ
ብርቱዕ	ብ+ርቱዕ
ቁማላት	ቁማ+ላት
ፍታዊ	ፍ+ታዊ
ሓዊስዎ	ሓዊስ+ዎ
ዕድለኛ	ዕድለ+ኛ
እንዐይቲ	እ+ንዐይ+ቲ
ዝህብ	ዝ+ህብ
ሕብጠት	ሕብጠ+ት
በብልሓት	በብል+ሓት
ጡዕም	ጡዕ+ም
ለምለም	ለምለ+ም
ተመንዩ	ተመን+ዩ
ተሃንጢዩ	ተሃንጢ+ዩ
ቅሳነት	ቅሳ+ነት
ዓቐን	ዓቐ+ን
ፀሊም	ፀሊ+ም
ዕንዐይቲ	ዕንዐይ+ቲ
ጌይሩዎ	ጌይሩ+ዎ
ፅፋን	ፅ+ፋን
አጓይዩ	አጓይ+ዩ
ስለዘይተሰርሐተሰስተካክሎ	ስለ+ዘይተሰርሐተሰስተካክሎ
ኣዚዩ	ኣዚ+ዩ
ሓደገና	ሓደገ+ና
እነይ	እ+ነይ
ስብእነት	ስብእ+ነት
አእምሮኡ	አእምሮ+ኡ
ዝሰሓተ	ዝ+ሰሓተ
ዝተፈለያየ	ዝ+ተፈለያየ
ብሰልፊ	ብ+ሰልፊ
መጋቢት	መጋቢ+ት
ብምልክት	ብ+ምልክ+ት
ዝፈለይ	ዝ+ፈለይ
ምልኽት	ምልኽ+ት
ኣግን	ኣግ+ን
ድንኳን	ድን+ኳን
ንሓዳር	ን+ሓዳር
ዝበፅሐ	ዝ+በፅሐ
ዝተመርዐወ	ዝ+ተመርዐወ
ዝእተወ	ዝ+እተወ
ቅልፅም	ቅልፅ+ም
አሳቕዩ	አሳቕ+ዩ
ሓኺዩ	ሓኺ+ዩ
ሰሌን	ሰሌ+ን
ብሃብቲ	ብ+ሃብ+ቲ
ምኳን	ም+ኳን
ግንቦት	ግንቦ+ት
ንኡሽቴ	ን+ኡሽቴ
ዝተወሰነ	ዝ+ተወሰነ
ብዙሃን	ብ+ዙ+ሃን
መድሓኒት	መድሓኒ+ት
ሕክምና	ሕክም+ና
መድሓነት	መድሓ+ነት
ዘውፂኡ	ዘውፂ+ኡ
ብልሓት	ብ+ል+ሓት
ሓዘንን	ሓዘን+ን
ትካዘ	ት+ካዘ
ትዝታ	ት+ዝታ
ንኢሸቴ	ን+ኢሸቴ
ምሕረት	ምሕረ+ት
ዝተበላሸወ	ዝ+ተበላሸወ
ፍልፀት	ፍልፀ+ት
ህዝባዊ	ህዝ+ባዊ
ብምስማዕ	ብ+ምስማዕ
ማእድን	ማእድ+ን
ኳዓቲ	ኳዓ+ቲ
ኣብጭቃ	ኣብ+ጭቃ
መስቲያት	መስቲ+ያት
ኣርእዩ	ኣርእ+ዩ
ብዘይምፍላጥ	ብ+ዘይምፍላጥ
መሳሓሓቲ	መሳሓሓ+ቲ
ዛይተረድኦት	ዛይተረድኦ+ት
አይተረድኦን	አይተረድኦ+ን
ተሳሓሒአቱለልገባውም	ተሳሓሒአቱለልገባው+ም
ብግቡእ	ብ+ግቡእ
ኤተረድኦን	ኤተረድኦ+ን
ንእሸተይ	ን+እሸተይ
ገዳም	ገዳ+ም
ንበይንኻ	ን+በይንኻ
ዝስቅቕ	ዝ+ስቅቕ
ዝወፅእ	ዝ+ወፅእ
ብተወሳኺ	ብ+ተወሳኺ
እውን	እ+ውን
ካብልቢ	ካብ+ልቢ
ብዘዙሓት	ብ+ዘዙ+ሓት
መብዛሕቶም	መብዛሕ+ቶም
እነኖ	እ+ነኖ
ሓማት	ሓ+ማት
እምባ	እ+ምባ
እንጭዋ	እ+ንጭዋ
ደኣትዩ	ደኣት+ዩ
ንፋጥ	ን+ፋጥ
ዚዓለም	ዚዓለ+ም
ፀልማት	ፀል+ማት
እንጉዳይ	እ+ንጉዳይ
ውጥም	ውጥ+ም
ዝሻሕገተ	ዝ+ሻሕገተ
አሳቅዩ	አሳቅ+ዩ
ምስማር	ምስ+ማር
ብምስማር	ብ+ምስማር
እባኑ	እ+ባኑ
ዝይባሃል	ዝ+ይባሃል
ንሳቶም	ን+ሳቶ+ም
እዚኣቶም	እ+ዚኣ+ቶም
ዝዐበበ	ዝ+ዐበበ
ናይውልደት	ናይውልደ+ት
ብሔራዊ	ብ+ሔ+ራዊ
ብሄራዊ	ብ+ሄ+ራዊ
ናፅነናት	ናፅነ+ናት
ዜግነት	ዜግ+ነት
ዝተወልደ	ዝ+ተወልደ
ውልደት	ውልደ+ት
እውነት	እ+ውነ+ት
ከምተፍጥሮ	ከም+ተፍጥሮ
ኣብረቀረባ	ኣብ+ረቀረባ
ዝርክብ	ዝ+ርክብ
ምንም	ምን+ም
ኣይቀዮን	ኣይ+ቀዮ+ን
ንምርኣይ	ን+ምርኣይ
ብጥንቃቐ	ብ+ጥንቃቐ
ግድን	ግድ+ን
ኣድልዩ	ኣድል+ዩ
ዝተሸገረ	ዝ+ተሸገረ
ዝተፀገመ	ዝ+ተፀገመ
ጎረቤት	ጎረቤ+ት
ምጎርባት	ምጎር+ባት
ክልቲኡ	ክልቲ+ኡ
ዝተደናገፀ	ዝ+ተደናገፀ
ብምጭናቕ	ብ+ምጭናቕ
ተመቻችዩ	ተመቻች+ዩ
ዝተፃረየ	ዝ+ተፃረየ
ዝተጣላለፈ	ዝ+ተጣላለፈ
ዝተማራዐው	ዝ+ተማራዐው
ኪዳን	ኪ+ዳን
ተረኛ	ተረ+ኛ
ንእሸተቶይ	ን+እሸተቶይ
ለይቲ	ለይ+ቲ
ምሽት	ምሽ+ት
ዋርድያ	ዋርድ+ያ
ትሸዓንተ	ት+ሸዓንተ
ኣይኾነን	ኣይ+ኾነ+ን
ዘላን	ዘ+ላን
እተው	እ+ተው
ሰሜናዊ	ሰሜ+ናዊ
ዝፈቱ	ዝ+ፈቱ
ኣይኮንን	ኣይ+ኮን+ን
ኣብዝኾነ	ኣብ+ዝኾነ
ዝጎድእ	ዝ+ጎድእ
ዝባን	ዝ+ባን
ጥራዩ	ጥራ+ዩ
ዝገዘዘ	ዝ+ገዘዘ
ዝደንዘዘ	ዝ+ደንዘዘ
ፈላሲት	ፈላሲ+ት
ነናይፈላሲት	ነናይፈላሲ+ት
አፅቢዩ	አፅቢ+ዩ
አኦም	አኦ+ም
ዝርከብ	ዝ+ርከብ
ሓውልቲ	ሓውል+ቲ
ዝድህሰስን	ዝ+ድህሰስ+ን
ዝርአን	ዝ+ርአ+ን
ዝኽበር	ዝ+ኽበር
አሳሒት	አሳሒ+ት
ብሓለፎ	ብ+ሓለፎ
ፅንቀፋት	ፅንቀ+ፋት
ጊዚኡ	ጊዚ+ኡ
ጥቅምቲ	ጥቅም+ቲ
ነጋሪት	ነጋሪ+ት
በዓልቴት	በዓልቴ+ት
ኣረጊት	ኣረጊ+ት
ኣቕርዩ	ኣቕር+ዩ
ተመልካቲ	ተመልካ+ቲ
ንግባር	ን+ግባር
አእቲዩ	አእቲ+ዩ
ዝመምችው	ዝ+መምችው
ብግልፂ	ብ+ግልፂ
ኣብስራህ	ኣብ+ስራህ
ዝስማዕማዕ	ዝ+ስማዕማዕ
ብቕል	ብ+ቕል
ከምዝተለመደ	ከም+ዝተለመደ
ካብሰብ	ካብ+ሰብ
ዝተፈለየ	ዝ+ተፈለየ
ዝሓለፎ	ዝ+ሓለፎ
ሕሙም	ሕሙ+ም
ግፁም	ግፁ+ም
ላዕላዩ	ላዕላ+ዩ
ካቦት	ካቦ+ት
ካብልከዕ	ካብ+ልከዕ
ካብልከክ	ካብ+ልከክ
ብራይ	ብ+ራይ
ናብዙይ	ናብ+ዙይ
ዝፈቲ	ዝ+ፈቲ
ፖኬት	ፖኬ+ት
ንኡሽተይ	ን+ኡሽተይ
ሕፃናት	ሕፃ+ናት
ኣረማዊ	ኣረ+ማዊ
ውግኣት	ውግ+ኣት
ዝዕግስሥራ	ዝ+ዕግስሥራ
ዘላዎ	ዘላ+ዎ
ቤተመንግሰት	ቤተመንግሰ+ት
ዝደብዘዘ	ዝ+ደብዘዘ
ዝፃዕደወ	ዝ+ፃዕደወ
ምብርዓን	ምብር+ዓን
አጉሻፅና	አጉሻፅ+ና
ዝርአ	ዝ+ርአ
ትርትር	ት+ርትር
ንኢሸተይ	ን+ኢሸተይ
ጠጣፊያ	ጠጣፊ+ያ
ንክፍኣት	ን+ክፍ+ኣት
መስኮት	መስኮ+ት
ሃንደበታዊ	ሃንደበ+ታዊ
አቀማምጣትዕጥንት	አቀማምጣትዕጥን+ት
ትንፋሱ	ት+ንፋሱ
ብጣዕአሚለ	ብ+ጣዕአሚለ
ደሰልኛታቲ	ደሰልኛታ+ቲ
ገነት	ገነ+ት
ዝጋጨ	ዝ+ጋጨ
ዝመሰል	ዝ+መሰል
ንጉኒ	ን+ጉኒ
እንክድንዝዝ	እ+ንክድንዝዝ
ኣድላዩ	ኣድላ+ዩ
ዝተነግረ	ዝ+ተነግረ
ብሓፂር	ብ+ሓፂር
ፅግዕተኛ	ፅግዕተ+ኛ
ነፍሳት	ነፍ+ሳት
ትቑሉል	ት+ቑሉል
ዝድቐ	ዝ+ድቐ
ብራና	ብ+ራና
ስድራቤት	ስድራቤ+ት
ወላድነት	ወላድ+ነት
እብሰባ	እ+ብሰባ
በቀቀን	በቀቀ+ን
ንምምላስ	ን+ምምላስ
ምፍን	ምፍ+ን
ቆንቋና	ቆንቋ+ና
ስስዕነት	ስስዕ+ነት
ከካህን	ከካህ+ን
ብፅሒት	ብ+ፅሒ+ት
አዳሊዩ	አዳሊ+ዩ
ብክፋል	ብ+ክፋል
ብትንቃቐ	ብ+ትንቃቐ
ብፍላይ	ብ+ፍላይ
ማሕበርተኛ	ማሕበርተ+ኛ
ሽርኪ	ሽር+ኪ
ፖርቲካ	ፖርቲ+ካ
ፋሲካ	ፋሲ+ካ
ተራኢዩ	ተራኢ+ዩ
ገጊዜያዊ	ገጊዜ+ያዊ
ተኣዛዝነት	ተኣዛዝ+ነት
ጥንቲ	ጥን+ቲ
ቀደም	ቀደ+ም
ዝተረፈ	ዝ+ተረፈ
ዝሃለፈ	ዝ+ሃለፈ
ካህን	ካህ+ን
መንፈሳዊ	መንፈ+ሳዊ
ዝተማለአ	ዝ+ተማለአ
ኣባዊ	ኣ+ባዊ
ኣቦኻን	ኣቦ+ኻን
ሃዝን	ሃዝ+ን
ትዕግስቲ	ት+ዕግስ+ቲ
ትዕግስተኛ	ት+ዕግስተ+ኛ
ጫክን	ጫክ+ን
ዝወረሶ	ዝ+ወረሶ
ሃርበኛ	ሃርበ+ኛ
ፈታዊ	ፈ+ታዊ
ዝተነፀፈ	ዝ+ተነፀፈ
አኣስፋልት	አኣስፋል+ት
ኩዕት	ኩዕ+ት
ዝኽፈለሉ	ዝ+ኽፈለሉ
መሃያ	መሃ+ያ
ክፍሊት	ክፍሊ+ት
ሠላም	ሠላ+ም
ዓፅዩ	ዓፅ+ዩ
ገበነኛታት	ገበነኛ+ታት
ቕፅዓት	ቕፅ+ዓት
እርሳስ	እ+ርሳስ
ይፅናህ	ይ+ፅናህ
ዝተብሃለ	ዝ+ተብሃለ
ጥሒስካ	ጥሒስ+ካ
ሓይሊበጥልቀት	ሓይሊበጥልቀ+ት
ስለስተ	ስለ+ስተ
ንፁህ	ን+ፁህ
ማእዘን	ማእዘ+ን
ኣብመወደእትኡ	ኣብ+መወደእት+ኡ
ንቕሓት	ን+ቕ+ሓት
ብ--ኢድ	ብ+--ኢድ
ካብሚኢቲከመቶ	ካብ+ሚኢቲከመቶ
ዝተፃሬ	ዝ+ተፃሬ
ከምዕድል	ከም+ዕድል
ብኣጋጣሚ	ብ+ኣጋጣሚ
ካብዓመትናብ	ካብ+ዓመትናብ
ትኽኽል	ት+ኽኽል
ቕልጥፍና	ቕልጥፍ+ና
ተፃዋቲ	ተፃዋ+ቲ
ዘበን	ዘበ+ን
ብብእዋኑ	ብ+ብእዋኑ
ተወዲኡ	ተወዲ+ኡ
ዝበላሾ	ዝ+በላሾ
ብሓሶት	ብ+ሓሶ+ት
ብባእለዝተኣማመን	ብ+ባእለዝተኣማመ+ን
ንነዊሕ	ን+ነዊሕ
ንኹሉ	ን+ኹሉ
ዝመጥጥ	ዝ+መጥጥ
ዝላሕለሐ	ዝ+ላሕለሐ
አለዋዊጥካ	አለዋዊጥ+ካ
ዝወርድቀጥ	ዝ+ወርድቀጥ
ኣቐዩ	ኣቐ+ዩ
ምስቓይ	ምስ+ቓይ
ንድሕሪት	ን+ድሕሪ+ት
ወይም	ወይ+ም
መልከዐኛ	መልከዐ+ኛ
መንነት	መን+ነት
ስብእና	ስብእ+ና
ስራሕተኛታት	ስራሕተኛ+ታት
ለልቦና	ለልቦ+ና
ኣራዳዲኡ	ኣራዳዲ+ኡ
ከምንብረትምኳን	ከም+ንብረትም+ኳን
ሞላኡ	ሞላ+ኡ
አበላሽዩ	አበላሽ+ዩ
ዝለመደ	ዝ+ለመደ
መመልከቲ	መመልከ+ቲ
ጥርዓን	ጥር+ዓን
ንእሽተየይማይረባ	ን+እሽተየይማይረባ
ንቅንጣምንጢ	ን+ቅንጣምንጢ
ዝተትሓዘ	ዝ+ተትሓዘ
ሰልዲለጥቃቅን	ሰልዲለጥቃቅ+ን
ዝቕምም	ዝ+ቕም+ም
መድሃኒት	መድሃኒ+ት
እብየት	እ+ብየ+ት
ቋንቋታት	ቋንቋ+ታት
ምፍልሳም	ምፍልሳ+ም
ስልኪ	ስል+ኪ
መፅናዕቲ	መፅናዕ+ቲ
ልሳን	ል+ሳን
ኣካላዊ	ኣካ+ላዊ
ሓሊም	ሓሊ+ም
ቕርፅን	ቕርፅ+ን
ናይመልክፅቕርፅን	ናይመልክፅቕርፅ+ን
ጠጥዕም	ጠጥዕ+ም
ፊልዩ	ፊል+ዩ
ብልኢ	ብ+ልኢ
ሒዝካ	ሒዝ+ካ
ስእላዊ	ስእ+ላዊ
ኣዐሪዩ	ኣዐሪ+ዩ
ብንእሸተይ	ብ+ንእሸተይ
ዘፅምም	ዘፅም+ም
ዝሰብርጆሮ	ዝ+ሰብርጆሮ
ወቅድስና	ወቅድስ+ና
ሃይማኖተኛ	ሃይማኖተ+ኛ
ቁንጣሚንቲነገራት	ቁንጣሚንቲነገ+ራት
ምስራቕ	ምስ+ራቕ
ምስላም	ምስ+ላም
ኪኒን	ኪኒ+ን
ዝተሀረፈ	ዝ+ተሀረፈ
ብሽክሌት	ብ+ሽክሌ+ት
ከክንውስን	ከክንውስ+ን
ወርቐት	ወርቐ+ት
ኩርንኩሪት	ኩርንኩሪ+ት
ኣሰርዎ	ኣሰር+ዎ
ብጨረፍታ	ብ+ጨረፍታ
ከፍዝበለብርኪ	ከፍዝበለብር+ኪ
ፈሊካ	ፈሊ+ካ
ምምልካት	ምምል+ካት
ቀዳምነት	ቀዳም+ነት
መተሸቀዳሚነት	መተሸቀዳሚ+ነት
ዝርፊ	ዝ+ርፊ
ተደፊኡ	ተደፊ+ኡ
ኣዋፂኡ	ኣዋፂ+ኡ
ዘሕዝን	ዘሕዝ+ን
መፃወድእንቅፋት	መፃወድእንቅ+ፋት
አረጋጊኡ	አረጋጊ+ኡ
ዝግባእ	ዝ+ግባእ
መዳሕንቲ	መዳሕን+ቲ
መዓት	መ+ዓት
ዝዛረብ	ዝ+ዛረብ
መልሃጊያ	መልሃጊ+ያ
ዝርጉህ	ዝ+ርጉህ
ጭፍራታት	ጭፍራ+ታት
ፋብሪካ	ፋብሪ+ካ
ድርጅት	ድርጅ+ት
ብእምኒ	ብ+እምኒ
ብሽኽላ	ብ+ሽኽላ
ዝተቐረበፀድ	ዝ+ተቐረበፀድ
ዝተቐብአ	ዝ+ተቐብአ
ዝተሓበፀ	ዝ+ተሓበፀ
ሚኢቲ	ሚኢ+ቲ
ዝኣዞ	ዝ+ኣዞ
ዘአምን	ዘአም+ን
ኣባጭዩ	ኣባጭ+ዩ
ግምት	ግም+ት
ንምርካብ	ን+ምርካብ
ኣጋጪዩ	ኣጋጪ+ዩ
መፃወቲ	መፃወ+ቲ
በዓም	በዓ+ም
ብርኩት	ብ+ርኩ+ት
ጉጠት	ጉጠ+ት
ንሓደር	ን+ሓደር
ነፃዩ	ነፃ+ዩ
ኮረንቲ	ኮረን+ቲ
ከክንቲት	ከክንቲ+ት
ሰራህተኛ	ሰራህተ+ኛ
ክንቲት	ክንቲ+ት
ዝተሠርሃ	ዝ+ተሠርሃ
ብልጫ	ብ+ልጫ
ካብ--ካሊእ	ካብ+--ካሊእ
ዝሓንቀቐ	ዝ+ሓንቀቐ
ዝተፈልፈልለ	ዝ+ተፈልፈልለ
ሓፂርን	ሓፂር+ን
ረጉድን	ረጉድ+ን
ብግጥሚ	ብ+ግጥሚ
ዝተፅሓፈ	ዝ+ተፅሓፈ
ቕንያት	ቕን+ያት
አዲኡ	አዲ+ኡ
ኣርኢዩ	ኣርኢ+ዩ
ብቕትታ	ብ+ቕትታ
ዝተደገነ	ዝ+ተደገነ
ዝበልሐ	ዝ+በልሐ
ዝጎተመ	ዝ+ጎተመ
ስነስርዓት	ስነስር+ዓት
ይከበር	ይ+ከበር
ነኻኺኡ	ነኻኺ+ኡ
አኣባጫዩ	አኣባጫ+ዩ
ሓፂን	ሓፂ+ን
ፅንዐይቲ	ፅንዐይ+ቲ
ፖሊሳት	ፖሊ+ሳት
ጠጣቢያ	ጠጣቢ+ያ
ፖለቲካ	ፖለቲ+ካ
ፖለቲካኛ	ፖለቲካ+ኛ
ኣረኣአያ	ኣረኣአ+ያ
አረኣኣያ	አረኣኣ+ያ
ኣረአእያ	ኣረአእ+ያ
ሰቤቲ	ሰቤ+ቲ
ዝኽእልብዙ	ዝ+ኽእልብዙ
ብብዙሓት	ብ+ብዙ+ሓት
ኣማልኽቲ	ኣማልኽ+ቲ
ረሮማን	ረሮ+ማን
ብጉሲጢትወቂዑ	ብ+ጉሲጢትወቂዑ
ኣዐረዩ	ኣዐረ+ዩ
ዘድክም	ዘድክ+ም
ኣብጀልባ	ኣብ+ጀልባ
ዝንሣፈፍበ	ዝ+ንሣፈፍበ
ምሲኪን	ምሲኪ+ን
ዝበዝሐ	ዝ+በዝሐ
ከምነገሩ	ከም+ነገሩ
ዝተዘርግሐ	ዝ+ተዘርግሐ
ተፈታውነት	ተፈታው+ነት
ንህዝቢ	ን+ህዝቢ
በብብዝሓት	በብብዝ+ሓት
ዝሰፈር	ዝ+ሰፈር
ኣትኩርካ	ኣትኩር+ካ
ተመሲጥካ	ተመሲጥ+ካ
ናይቑርበት	ናይቑርበ+ት
ገዓት	ገ+ዓት
ንእሽቴ	ን+እሽቴ
ብጥኺጽ	ብ+ጥኺጽ
ከኩነት	ከኩ+ነት
ንቓል	ን+ቓል
ስልጣንአከኳኋን	ስልጣንአከኳ+ኋን
ዝተለኽፈ	ዝ+ተለኽፈ
ገግዝኣት	ገግዝ+ኣት
ኣብኢዱ	ኣብ+ኢዱ
ዝቆፃፀር	ዝ+ቆፃፀር
ዝከኣል	ዝ+ከኣል
ምናልባት	ምናል+ባት
ስዕላዊ	ስዕ+ላዊ
ማህተም	ማህተ+ም
አኣስክሬን	አኣስክሬ+ን
ፖስታቤት	ፖስታቤ+ት
ዝውሰኽ	ዝ+ውሰኽ
ጥላሸት	ጥላሸ+ት
ንመስተ	ን+መስተ
ዝኌን	ዝ+ኌን
ዘተኣምምን	ዘተኣምም+ን
ዝኽአል	ዝ+ኽአል
ናብቱይ	ናብ+ቱይ
ከረጢት	ከረጢ+ት
ብንጣጢፅ	ብ+ንጣጢፅ
ንደርሆን	ን+ደርሆ+ን
እንቁላሊህን	እ+ንቁላሊህ+ን
ሥጋን	ሥ+ጋን
አስትዩ	አስት+ዩ
ዝናብ	ዝ+ናብ
ደማሚት	ደማሚ+ት
ዝሰርህ	ዝ+ሰርህ
ብተግባር	ብ+ተግባር
ከምዝትዕም	ከም+ዝትዕ+ም
ስልጡን	ስልጡ+ን
ብእምነቱ	ብ+እምነቱ
እንተይኮነስ	እንተ+ይኮነስ
ብኩነታት	ብ+ኩነ+ታት
ሰሜን	ሰሜ+ን
አሜሪካ	አሜሪ+ካ
ዝግበኦ	ዝ+ግበኦ
ዐሊዩ	ዐሊ+ዩ
ፀሎት	ፀሎ+ት
ዘየተኦማምን	ዘየተኦማም+ን
ቅድሚያ	ቅድሚ+ያ
ብርቂ	ብ+ርቂ
ዝኸበር	ዝ+ኸበር
ዝበለፀብርቅ	ዝ+በለፀብርቅ
ብህዑፅ	ብ+ህዑፅ
ናይማይን	ናይማይ+ን
በረድን	በረድ+ን
ብጥትሕብክቅል	ብ+ጥትሕብክቅል
ዕድሚኡ	ዕድሚ+ኡ
ዝቐደመ	ዝ+ቐደመ
ዝብለዓ	ዝ+ብለዓ
እንሰሳት	እ+ንሰ+ሳት
እናሃደነ	እ+ናሃደነ
ዝናበርሌሎች	ዝ+ናበርሌሎች
ወቀደም	ወቀደ+ም
ኣብቦትኡ	ኣብ+ቦት+ኡ
ዝተዓደለ	ዝ+ተዓደለ
ኹነታት	ኹነ+ታት
ተነቢዩ	ተነቢ+ዩ
ትንቢት	ት+ንቢ+ት
ዝረአ	ዝ+ረአ
ብዝበለፀ	ብ+ዝበለፀ
ፈትዩ	ፈት+ዩ
አድላዊነት	አድላዊ+ነት
ባእዳዊ	ባእ+ዳዊ
ጥንስቲ	ጥንስ+ቲ
ጊዜኡ	ጊዜ+ኡ
ዝተሓሰበሉ	ዝ+ተሓሰበሉ
መሠረተት	መሠረተ+ት
መሠረት	መሠረ+ት
ብሓሳብ	ብ+ሓሳብ
ንዩኒቨርስቲ	ን+ዩኒቨርስ+ቲ
ኣዳልዩ	ኣዳል+ዩ
ተዳልዩ	ተዳል+ዩ
ኹነት	ኹነ+ት
ትዕዛዝ	ት+ዕዛዝ
ከዚእዋን	ከዚእ+ዋን
ኣበት	ኣበ+ት
ኣብቅባ	ኣብ+ቅባ
ብፅቡቕ	ብ+ፅቡቕ
ብበአቦ	ብ+በአቦ
ወንበርነት	ወንበር+ነት
ፕሬዚዳንት	ፕሬዚዳን+ት
እናተዳፈአኣቲዩ	እ+ናተዳፈአኣቲ+ዩ
ተዳፊኡ	ተዳፊ+ኡ
ጋዜጠኛታየትማተሚያ	ጋዜጠኛታየትማተሚ+ያ
ጭንቀት	ጭንቀ+ት
ምድፍፋእብዛት	ምድፍፋእብ+ዛት
ዝበሃል	ዝ+በሃል
ዝተመስረተ	ዝ+ተመስረተ
ቅድም	ቅድ+ም
ንመምምሳል	ን+መምምሳል
ንጉራ	ን+ጉራ
ብደንቢ	ብ+ደንቢ
ተሟሊኡ	ተሟሊ+ኡ
ዝበዝሕ	ዝ+በዝሕ
መብዛህትኡ	መብዛህት+ኡ
ጥምም	ጥም+ም
ኣቕዲምካ	ኣቕዲም+ካ
ምክልካልመከለላከያ	ምክልካልመከለላከ+ያ
የፊተኛ	የፊተ+ኛ
ብምጭብርባእርያ	ብ+ምጭብርባእር+ያ
ዝህደን	ዝ+ህደ+ን
መስዋእቲ	መስዋእ+ቲ
እናሽታይ	እ+ናሽታይ
እሽኳት	እ+ሽ+ኳት
ትምኽህቲ	ት+ምኽህ+ቲ
ኩርዓት	ኩር+ዓት
ቅሽነት	ቅሽ+ነት
ይኸውን	ይ+ኸው+ን
ክኽውን	ክኽው+ን
ሓቅነት	ሓቅ+ነት
ካብኡ	ካብ+ኡ
ዝሰዓበ	ዝ+ሰዓበ
ትርፊሰልዲ	ት+ርፊሰልዲ
ዝንባለ	ዝ+ንባለ
ኣደንጉዩ	ኣደንጉ+ዩ
ብዙይ	ብ+ዙይ
ዝጠፍኣ	ዝ+ጠፍኣ
ዝቡሕ	ዝ+ቡሕ
ሃፊቲ	ሃፊ+ቲ
ዓለማዊ	ዓለ+ማዊ
ብሙያ	ብ+ሙያ
ዝሰልተነ	ዝ+ሰልተነ
(ፍሉይፍልተት	(ፍሉይፍልተ+ት
ብዝትይቕመ	ብ+ዝትይቕመ
ብቁፅ	ብ+ቁፅ
ሂይወት	ሂይወ+ት
ዘባኽን	ዘባኽ+ን
መጠን	መጠ+ን
ተወለድቲ	ተወለድ+ቲ
ኣስተያየት	ኣስተያየ+ት
ይመፅእ	ይ+መፅእ
ተንቢዩ	ተንቢ+ዩ
ንምምፃእ	ን+ምምፃእ
ትንቢትመምጣትን	ት+ንቢትመምጣት+ን
ምስጓም	ምስ+ጓም
እሓስብ	እ+ሓስብ
ንውሽጢ	ን+ውሽጢ
ዝበል	ዝ+በል
ዝሓድረር	ዝ+ሓድረር
እናተባዝሐ	እ+ናተባዝሐ
ዝኸይድ	ዝ+ኸይድ
መቕድም	መቕድ+ም
ወልፈኛ	ወልፈ+ኛ
ዝወሃቦ	ዝ+ወሃቦ
አደራጅዩ	አደራጅ+ዩ
ፅብየት	ፅብየ+ት
ሹመት	ሹመ+ት
ምስፋሕፋሕፅድገት	ምስ+ፋሕፋሕፅድገ+ት
ዝተጨበጠ	ዝ+ተጨበጠ
ስብከት	ስብከ+ት
ኣሰራችዩ	ኣሰራች+ዩ
ሽኽርክሪት	ሽኽርክሪ+ት
ትክኽለኛ	ት+ክኽለ+ኛ
ዳሕና	ዳሕ+ና
ዝተማለትእክክለኛ	ዝ+ተማለትእክክለ+ኛ
ርስቲ	ርስ+ቲ
ሃፍቲ	ሃፍ+ቲ
ትንቢታዎ	ት+ንቢታ+ዎ
ነብይነት	ነብይ+ነት
ንምክልኻል	ን+ምክልኻል
ዝሕግዝ	ዝ+ሕግዝ
ጉርብትና	ጉርብት+ና
ዝስማፅማፅ	ዝ+ስማፅማፅ
ምስካልእ	ምስ+ካልእ
ኣመጣጥና	ኣመጣጥ+ና
ስነስርት	ስነስር+ት
ምስጉን	ምስ+ጉን
ንህዝቢከይሽየጥ	ን+ህዝቢከይሽየጥ
ንባብ	ን+ባብ
ናብሕጊ	ናብ+ሕጊ
ምኽንዋን	ምኽን+ዋን
አደንጉዩ	አደንጉ+ዩ
ክብደጣት	ክብደ+ጣት
ኣጥኡ	ኣጥ+ኡ
ኣፃሩዩ	ኣፃሩ+ዩ
ጨኒዩ	ጨኒ+ዩ
ዝጨነወ	ዝ+ጨነወ
ግራኣእትዩ	ግራኣእት+ዩ
ኣስከሬን	ኣስከሬ+ን
ገይፂታት	ገይፂ+ታት
ብአርባዕተ	ብ+አርባዕተ
ዓቢዩ	ዓቢ+ዩ
ኣርባዕት	ኣርባዕ+ት
ዝስሕብ	ዝ+ስሕብ
በብቅዓት	በብቅ+ዓት
ብቑፅ	ብ+ቑፅ
ፀፀት	ፀፀ+ት
ንአሸቴ	ን+አሸቴ
ዝተሓብኣ	ዝ+ተሓብኣ
መጽሄትየሦስት	መጽሄትየሦስ+ት
ንግስት	ን+ግስ+ት
ዝገርም	ዝ+ገር+ም
ቀዊዩ	ቀዊ+ዩ
ዝህደድዕ	ዝ+ህደድዕ
መርኣያ	መርኣ+ያ
ብፍጹም	ብ+ፍጹ+ም
ፈተና	ፈተ+ና
ካብልክእ	ካብ+ልክእ
ጎይዩ	ጎይ+ዩ
ዘርኣዊ	ዘር+ኣዊ
ቀስተደመና	ቀስተደመ+ና
ዝበእሓ	ዝ+በእሓ
ወሰኽየሹመት	ወሰኽየሹመ+ት
ኣውፂአኡ	ኣውፂአ+ኡ
ሃውዩ	ሃው+ዩ
ናብቲ	ናብ+ቲ
ዝለዓለ	ዝ+ለዓለ
ፅልአት	ፅልአ+ት
ከምዝመዐሉ	ከም+ዝመዐሉ
ርህቐት	ርህቐ+ት
አባላት	አባ+ላት
ዝፈስስ	ዝ+ፈስስ
ዝመጣጠን	ዝ+መጣጠ+ን
ዝነፃፀር	ዝ+ነፃፀር
ኣጠጥፊኡ	ኣጠጥፊ+ኡ
ይንበብ	ይ+ንበብ
ተዘጋጂዩ	ተዘጋጂ+ዩ
ዝሸየጥ	ዝ+ሸየጥ
ዝውነት	ዝ+ውነ+ት
ነንድሕሪት	ነንድሕሪ+ት
ደጀን	ደጀ+ን
ኣረዲኡ	ኣረዲ+ኡ
ንዒቕዎ	ን+ዒቕ+ዎ
ቀሪዩበንቀት	ቀሪዩበንቀ+ት
ልጉም	ልጉ+ም
ምድሕሪት	ምድሕሪ+ት
ቀረባእዋን	ቀረባእ+ዋን
ማሃብን	ማሃብ+ን
ምቕባልን	ምቕባል+ን
ብሕቱ	ብ+ሕቱ
ዝተበላሽወ	ዝ+ተበላሽወ
ብዝርዝር	ብ+ዝርዝር
ኣውሪዩ	ኣውሪ+ዩ
ምድሓን	ምድ+ሓን
ንኽሳሲ	ን+ኽሳሲ
መሊስካ	መሊስ+ካ
ዝመሞቐ	ዝ+መሞቐ
ጨናዘለዎ	ጨናዘለ+ዎ
ዝጸረየ	ዝ+ጸረየ
ምግብን	ምግብ+ን
እምቢ	እ+ምቢ
አትኩርካ	አትኩር+ካ
ኣቕሒርዎ	ኣቕሒር+ዎ
ሰሓቕን	ሰሓቕ+ን
ጸዋታን	ጸዋ+ታን
ናብቁልፅነት	ናብ+ቁልፅ+ነት
እተተሓሓዘ	እ+ተተሓሓዘ
ምስካሊእ	ምስ+ካሊእ
እንክነጻጻርየተያያዘ	እ+ንክነጻጻርየተያያዘ
ብዘየቋተፅ	ብ+ዘየቋተፅ
ኣግባብነት	ኣግባብ+ነት
እሙን	እ+ሙን
እረፍቲ	እ+ረፍ+ቲ
ሃየረማኖት	ሃየረማኖ+ት
ሃይማታዊ	ሃይማ+ታዊ
አስተያየት	አስተያየ+ት
ዝተልኣኽ	ዝ+ተልኣኽ
ዝረከቦ	ዝ+ረከቦ
ምስፍሕፋሕ	ምስ+ፍሕፋሕ
ብድልየቱ	ብ+ድልየቱ
ኣካሪዩ	ኣካሪ+ዩ
ኣደራጂዩ	ኣደራጂ+ዩ
ናብዝነበሮ	ናብ+ዝነበሮ
ምድጋም	ምድጋ+ም
ዝፈልጦ	ዝ+ፈልጦ
ትኩእ	ት+ኩእ
ሰላምን	ሰላም+ን
ፀጥታን	ፀጥ+ታን
ፅረፍቲ	ፅረፍ+ቲ
ጭቆና	ጭቆ+ና
ብልቦም	ብ+ልቦ+ም
ዝሰሓቡ	ዝ+ሰሓቡ
እንስሳት	እ+ንስ+ሳት
ብህዝቢ	ብ+ህዝቢ
ዝተመረፀ	ዝ+ተመረፀ
ብኻሊእ	ብ+ኻሊእ
እናገደደ	እ+ናገደደ
ኣታዊ	ኣ+ታዊ
ዝግልበጥ	ዝ+ግልበጥ
ኣይቕበልኢሉ	ኣይ+ቕበልኢሉ
ሃንደታዊ	ሃንደ+ታዊ
አእንደገና	አእንደገ+ና
ንግግር	ን+ግግር
ቁርጥማት	ቁርጥ+ማት
ሃፍታም	ሃፍታ+ም
ኣትፊኡ	ኣትፊ+ኡ
ዘጥእመን	ዘጥእመ+ን
ዝሰማማፅ	ዝ+ሰማማፅ
እውነተኛ	እ+ውነተ+ኛ
ብዝግባእ	ብ+ዝግባእ
ትበቂ	ት+በቂ
ኩኩና	ኩኩ+ና
ብቃል	ብ+ቃል
ዝበስበስ	ዝ+በስበስ
ስምዓት	ስም+ዓት
ዓወት	ዓወ+ት
ዝተደጋገሙ	ዝ+ተደጋገሙ
ዑምቀት	ዑምቀ+ት
ናይፀፀት	ናይፀፀ+ት
ዝበልፅ	ዝ+በልፅ
ገዚኡ	ገዚ+ኡ
ኣብስልጣን	ኣብ+ስል+ጣን
ዝተጎላቐለ	ዝ+ተጎላቐለ
ዝሓመቐ	ዝ+ሓመቐ
ዝበዝሓሉ	ዝ+በዝሓሉ
ምምራት	ምም+ራት
ዝመረተ	ዝ+መረተ
ጭካን	ጭ+ካን
ምጭካን	ምጭ+ካን
ቀዳም	ቀዳ+ም
ሰንበት	ሰንበ+ት
ዝወሃብ	ዝ+ወሃብ
ኣብካሻ	ኣብ+ካሻ
መስዋእትነት	መስዋእት+ነት
ብጭካነ	ብ+ጭካነ
ምሕካም	ምሕካ+ም
ካዝና	ካዝ+ና
ይህለፍ	ይ+ህለፍ
ደሕንነት	ደሕን+ነት
እንካብ	እ+ንካብ
ብመርከብ	ብ+መርከብ
ቅድስቲ	ቅድስ+ቲ
እንቅፍታፍ	እ+ንቅፍታፍ
ዝበዝሖ	ዝ+በዝሖ
ንጥፅና	ን+ጥፅ+ና
ዝስማማፅ	ዝ+ስማማፅ
ንጥዒና	ን+ጥዒ+ና
ቅብኣት	ቅብ+ኣት
ዝተፈለጠ	ዝ+ተፈለጠ
ሕሙማትን	ሕሙማት+ን
ድኹማትን	ድኹማት+ን
ቅድስና	ቅድስ+ና
ዳሓን	ዳ+ሓን
ዘይም	ዘይ+ም
ጢዒና	ጢዒ+ና
ኣታክልቲ	ኣታክል+ቲ
ፈሳሲእጽዋት	ፈሳሲእጽ+ዋት
ረዊዩ	ረዊ+ዩ
ናይለን	ናይለ+ን
ዝስራህ	ዝ+ስራህ
ደዳሓን	ደዳ+ሓን
መጣፅምቲ	መጣፅም+ቲ
ዝተኣሸገ	ዝ+ተኣሸገ
ካብውርደት	ካብ+ውርደ+ት
መድሓኒትና	መድሓኒት+ና
ተርኢይዎ	ተርኢይ+ዎ
ቅርፊት	ቅርፊ+ት
ንዲዱ	ን+ዲዱ
መጥባሕቲ	መጥባሕ+ቲ
ብሽኮላ	ብ+ሽኮላ
ትምት	ት+ምት
ኣኾሪዩ	ኣኾሪ+ዩ
ብጣፅሚ	ብ+ጣፅሚ
ብናይ	ብ+ናይ
ዝወቀስበሌሎች	ዝ+ወቀስበሌሎች
ብፀገም	ብ+ፀገ+ም
ሓፅረት	ሓፅረ+ት
ፍርሓት	ፍር+ሓት
ተስሚዑዎ	ተስሚዑ+ዎ
ሸቲቱዎ	ሸቲቱ+ዎ
በትረመንግስቲ	በትረመንግስ+ቲ
ትምህርታዊ	ት+ምህር+ታዊ
ሳይንሳዊ	ሳይን+ሳዊ
ዘመናዊ	ዘመ+ናዊ
ከሺፍዎ	ከሺፍ+ዎ
ፈሽልዎ	ፈሽል+ዎ
ስለንሱ	ስለ+ንሱ
ንፅቐት	ን+ፅቐ+ት
ፅንቅርቢት	ፅንቅርቢ+ት
መቕሰፍቲ	መቕሰፍ+ቲ
መጉባእቲ	መጉባእ+ቲ
ዝገጢ	ዝ+ገጢ
ዝተፈረፈረ	ዝ+ተፈረፈረ
እንቁላሊሕ	እ+ንቁላሊሕ
ደርቢዩ	ደርቢ+ዩ
ዝተቖረፀ	ዝ+ተቖረፀ
ሐፂን	ሐፂ+ን
ምስ…………	ምስ+…………
ዝገበረ	ዝ+ገበረ
ካብኡን	ካብ+ኡን
ካብዙይን	ካብ+ዙይ+ን
ኣጠራቒሙከዚያም	ኣጠራቒሙከዚያ+ም
ዝኹርኩሕ	ዝ+ኹርኩሕ
በኽዩ	በኽ+ዩ
ኣእውዩ	ኣእው+ዩ
ሓርዩ	ሓር+ዩ
ተቓሊሶም	ተቓሊሶ+ም
መፅፂድረጅም	መፅፂድረጅ+ም
ብባሕሪ	ብ+ባሕሪ
ዝጓዓዝ	ዝ+ጓዓዝ
ማሕተም	ማሕተ+ም
ሰፊዩ	ሰፊ+ዩ
ዝብል	ዝ+ብል
ወቕቲ	ወቕ+ቲ
ቀመም	ቀመ+ም
ካብሓላፍናት	ካብ+ሓላፍ+ናት
ተፈልዩ	ተፈል+ዩ
ዝተነፀለ	ዝ+ተነፀለ
አሓት	አ+ሓት
አበሳጪዩ	አበሳጪ+ዩ
አበሳጪዩዎ	አበሳጪዩ+ዎ
ኣዕሊኡ	ኣዕሊ+ኡ
ብጎኑ	ብ+ጎኑ
ወገን	ወገ+ን
ዝድንቕ	ዝ+ድንቕ
ዘገርም	ዘገር+ም
ዝፈረመ	ዝ+ፈረመ
ኣድላይነት	ኣድላይ+ነት
ጠቓምነት	ጠቓም+ነት
ብሃሪ	ብ+ሃሪ
ዝተደርሐ	ዝ+ተደርሐ
ዑሽነት	ዑሽ+ነት
ካብብሪ	ካብ+ብሪ
አንጥረኛ	አንጥረ+ኛ
ድኻታት	ድኻ+ታት
ሓጢኣት	ሓጢ+ኣት
ብዛዕባ	ብ+ዛዕባ
ንደሓር	ን+ደሓር
ናትካ	ናት+ካ
ሓጢያተኛ	ሓጢያተ+ኛ
ንፅል	ን+ፅል
ልፊዩ	ልፊ+ዩ
ኣላማዘለዎ	ኣላማዘለ+ዎ
ብጎማ	ብ+ጎማ
ሓፍቲ	ሓፍ+ቲ
ፅፍዒት	ፅፍዒ+ት
ንእሸቴ	ን+እሸቴ
ብንእሽተይ	ብ+ንእሽተይ
ዝዘዘወ	ዝ+ዘዘወ
ተቐቢኡ	ተቐቢ+ኡ
ቐቢኡ	ቐቢ+ኡ
ርስኻት	ርስ+ኻት
ኣሸቲትዎ	ኣሸቲት+ዎ
ሠራህተኛ	ሠራህተ+ኛ
ሃጺን	ሃጺ+ን
ብህቡእ	ብ+ህቡእ
ኣእቲ	ኣእ+ቲ
ተበን	ተበ+ን
ለልቕም	ለልቕ+ም
ኣትፈኡ	ኣትፈ+ኡ
ክንድዚዝኾን	ክንድዚዝኾ+ን
እንኳዕ	እ+ንኳዕ
ዝረሓሰ	ዝ+ረሓሰ
እከለ	እ+ከለ
ኳረንቲ	ኳረን+ቲ
ዝህል	ዝ+ህል
ትህት	ት+ህት
ኣዚሉም	ኣዚሉ+ም
ረዳኡ	ረዳ+ኡ
ዝተጨነቐ	ዝ+ተጨነቐ
ደርጂዩ	ደርጂ+ዩ
ፅልምት	ፅልም+ት
ትካዜ	ት+ካዜ
ደርብይዎ	ደርብይ+ዎ
ንፅሽተይ	ን+ፅሽተይ
ንእሸሽተይ	ን+እሸሽተይ
ንሓፂር	ን+ሓፂር
ዝኣክል	ዝ+ኣክል
ዝኆን	ዝ+ኆን
ብመጠኑ	ብ+መጠኑ
ዝህርስ	ዝ+ህርስ
ዝድቅስ	ዝ+ድቅስ
እትደርፍ	እ+ትደርፍ
ኣብቀረባ	ኣብ+ቀረባ
ዝቆሰለ	ዝ+ቆሰለ
መሕዘን	መሕዘ+ን
ኣይብልን	ኣይ+ብል+ን
ዝቕንስ	ዝ+ቕንስ
ብቁጠባ	ብ+ቁጠባ
ብልዒሉ	ብ+ልዒሉ
ንጣቦ	ን+ጣቦ
ብጉያ	ብ+ጉያ
እናዘወረ	እ+ናዘወረ
ውስን	ውስ+ን
ፍትነት	ፍት+ነት
እናተባሪዩ	እ+ናተባሪ+ዩ
ሰሪሖምዎ	ሰሪሖም+ዎ
ብድጋም	ብ+ድጋ+ም
እርጋን	እ+ር+ጋን
በብኹን	በብኹ+ን
ቕመማቕመም	ቕመማቕመ+ም
ሳርየት	ሳርየ+ት
ዘይተመርዐወት	ዘይተመርዐወ+ት
እንትፍ	እ+ንትፍ
ክፍኣት	ክፍ+ኣት
ህልከኛ	ህልከ+ኛ
ቁንጅና	ቁንጅ+ና
ኣእቲዩ	ኣእቲ+ዩ
ፈላለዩ	ፈላለ+ዩ
መኣዘን	መኣዘ+ን
አእውዩ	አእው+ዩ
እናበለ	እ+ናበለ
ምጉታት	ምጉ+ታት
ንድሓር	ን+ድሓር
ኣይበለን	ኣይ+በለ+ን
ኣይተነቓነቐን	ኣይ+ተነቓነቐ+ን
ንፍርዲ	ን+ፍርዲ
ይርኢ	ይ+ርኢ
ብሙሉእ	ብ+ሙሉእ
ንምኸድ	ን+ምኸድ
ጠሚዩዎ	ጠሚዩ+ዎ
ጣብያ	ጣብ+ያ
ሓወልቲ	ሓወል+ቲ
ኣይራሓቐን	ኣይ+ራሓቐ+ን
እንተይኣቋረፀ	እንተ+ይኣቋረፀ
ብስውር	ብ+ስውር
ብቀስታ	ብ+ቀስታ
ዝበሉ	ዝ+በሉ
ሪጊኡ	ሪጊ+ኡ
መፅዓን	መፅ+ዓን
ኣፅኒኡ	ኣፅኒ+ኡ
እነኣስ	እ+ነኣስ
ምስዓር	ምስ+ዓር
ዝረቐቐ	ዝ+ረቐቐ
ብቕፅ	ብ+ቕፅ
ዝስማፅማእ	ዝ+ስማፅማእ
ልፅልና	ልፅል+ና
ንኣዕሊ	ን+ኣዕሊ
ከባቢታት	ከባቢ+ታት
ኣብርሁ	ኣብ+ርሁ
ቀይም	ቀይ+ም
ብሱቕታ	ብ+ሱቕታ
መፃወዲያ	መፃወዲ+ያ
ብልሓተኛ	ብ+ልሓተ+ኛ
ዝተሰፈየ	ዝ+ተሰፈየ
ዝመፅእነውፋስ	ዝ+መፅእነውፋስ
እቲው	እ+ቲው
እመኒ	እ+መኒ
ሓምዩ	ሓም+ዩ
ብዛዕባ-እንድህር	ብ+ዛዕባ-እንድህር
ትለማማፂ	ት+ለማማፂ
ተንኩዩ	ተንኩ+ዩ
ንምኸፋት	ን+ምኸ+ፋት
ፅልመት	ፅልመ+ት
መንደሪን	መንደሪ+ን
ዝለፍዐ	ዝ+ለፍዐ
ከምትእዛዝ	ከም+ትእዛዝ
ኢልዎ	ኢል+ዎ
ከፊትካ	ከፊት+ካ
ደንጉዩ	ደንጉ+ዩ
ተስማዕሚዕዎ	ተስማዕሚዕ+ዎ
ፀቢቑአምሮበት	ፀቢቑአምሮበ+ት
ዝተዘርገሐ	ዝ+ተዘርገሐ
ዝተገተረ	ዝ+ተገተረ
ኾይኑዎ	ኾይኑ+ዎ
ኩባያ	ኩባ+ያ
ተሓባቢርካ	ተሓባቢር+ካ
ነፅዩ	ነፅ+ዩ
ተሳቕዩ	ተሳቕ+ዩ
ኣፅኒዩ	ኣፅኒ+ዩ
ቀዳዲድዎ	ቀዳዲድ+ዎ
ንብዓት	ን+ብ+ዓት
ኣብኪዩ	ኣብ+ኪዩ
ነኺዩ	ነኺ+ዩ
ሙያዊ	ሙ+ያዊ
ስያሜግብራዊ	ስያሜግብ+ራዊ
ዝተራቐቐ	ዝ+ተራቐቐ
ኸእለት	ኸእለ+ት
መድከም	መድከ+ም
ቴሌግራም	ቴሌግራ+ም
ስልክኛ	ስልክ+ኛ
ቴሌቨዥን	ቴሌቨዥ+ን
ነጊርዎ	ነጊር+ዎ
ድፍረት	ድፍረ+ት
ኮራዩ	ኮራ+ዩ
ሕርቀትግልፍተኛ	ሕርቀትግልፍተ+ኛ
ብሕርቀት	ብ+ሕርቀ+ት
ዝረግአ	ዝ+ረግአ
ዝቆፀፀር	ዝ+ቆፀፀር
ዝዘሓለ	ዝ+ዘሓለ
ትኩሳት	ት+ኩ+ሳት
ኩነትሙቀት	ኩነትሙቀ+ት
የማን	የ+ማን
አለማዊ	አለ+ማዊ
ንጊዜኡ	ን+ጊዜ+ኡ
ንሽዑ	ን+ሽዑ
ምጉዣይፈተና	ምጉዣይፈተ+ና
ሓይለኛ	ሓይለ+ኛ
ተኻራዩ	ተኻራ+ዩ
መካረዩ	መካረ+ዩ
ድሌት	ድሌ+ት
ላዘዘለዎ	ላዘዘለ+ዎ
አይፀገበን	አይፀገበ+ን
አልጠገበም	አልጠገበ+ም
ጅማት	ጅ+ማት
አዋናት	አዋ+ናት
ግዘታት	ግዘ+ታት
ብውጥኑ	ብ+ውጥኑ
ቀቲን	ቀቲ+ን
ናይስልጣን	ናይስል+ጣን
ዘበት	ዘበ+ት
ብማፅሪነት	ብ+ማፅሪ+ነት
ብርሊ	ብ+ርሊ
ኢዩም	ኢዩ+ም
ብዝሓሰቦ	ብ+ዝሓሰቦ
ይካኣል	ይ+ካኣል
መወዳእታማለቂያ	መወዳእታማለቂ+ያ
ዝተፋላለዩ	ዝ+ተፋላለ+ዩ
ተፈጥራዊ	ተፈጥ+ራዊ
ምድታዊ	ምድ+ታዊ
ብርቲዕ	ብ+ርቲዕ
ሃገራዊ	ሃገ+ራዊ
ግዝአት	ግዝአ+ት
ዝብለ	ዝ+ብለ
ፍርንጭት	ፍርንጭ+ት
መስክርነት	መስክር+ነት
ሽመልየከብት	ሽመልየከብ+ት
እግዚኣብሄር	እ+ግዚኣብሄር
ይመስገን	ይ+መስገ+ን
ይሃበለይ	ይ+ሃበለይ
ክምስገን	ክምስገ+ን
እቱያ	እ+ቱያ
እቲአ	እ+ቲአ
እቱይ	እ+ቱይ
ጉሕለት	ጉሕለ+ት
ናታቶም	ናታ+ቶም
ናታተን	ናታ+ተን
ርእሶም	ርእሶ+ም
ዐርሶችም	ዐርሶች+ም
ንኣቶም	ን+ኣቶ+ም
ንኣተን	ን+ኣተ+ን
መልኽቲ	መልኽ+ቲ
ኣርስቲ	ኣርስ+ቲ
ንስተን	ን+ስተ+ን
ወትሮም	ወትሮ+ም
ርሳቶም	ርሳ+ቶም
ብድሕሪኢ	ብ+ድሕሪኢ
ንእት	ን+እት
ሽዑን	ሽዑ+ን
ኣብኡን	ኣብ+ኡን
ካብኡጊዜ	ካብ+ኡጊዜ
አረኣእያ	አረኣእ+ያ
ሕክማና	ሕክማ+ና
ኣብኡ	ኣብ+ኡ
ኣብቲ	ኣብ+ቲ
ንመምላስ	ን+መምላስ
ናብኡ	ናብ+ኡ
ረአኻዩ	ረአኻ+ዩ
ናባኡ	ናባ+ኡ
እንኻ	እ+ንኻ
እነሆ	እ+ነሆ
ብድሌቱ	ብ+ድሌቱ
ስለዝኾነ	ስለ+ዝኾነ
ኣብውሽቱ	ኣብ+ውሽቱ
ካባኡ	ካባ+ኡ
አብኡ	አብ+ኡ
እዚኣተን	እ+ዚኣ+ተን
ንሳተን	ን+ሳተ+ን
ይብሉ	ይ+ብሉ
ንእሸተስይስ	ን+እሸተስይስ
ከምንም	ከም+ንም
አይቖዕሮን	አይቖዕሮ+ን
ኢሊዎ	ኢሊ+ዎ
እስኪ	እ+ስኪ
እንታይ	እ+ንታይ
ይባሃል	ይ+ባሃል
ይበሃል	ይ+በሃል
ይሕሰብ	ይ+ሕሰብ
ብኣይአረኣእያ	ብ+ኣይአረኣእ+ያ
ብሳልሳይ	ብ+ሳልሳይ
ፀሚኡዎ	ፀሚኡ+ዎ
ፀሚእዎ	ፀሚእ+ዎ
እዙይ	እ+ዙይ
ዝአክል	ዝ+አክል
ዝርሕቕ	ዝ+ርሕቕ
ብዛዕባዙን	ብ+ዛዕባዙ+ን
እቱይን	እ+ቱይ+ን
እሾኽ	እ+ሾኽ
ዝተማል	ዝ+ተማል
ብዝብርዝር	ብ+ዝብርዝር
ብጥንቃቀ	ብ+ጥንቃቀ
እዘም	እ+ዘም
እዘን	እ+ዘን
ኣማናቲኡ	ኣማናቲ+ኡ
እንክሓስቦ	እ+ንክሓስቦ
ዝተረድኦ	ዝ+ተረድኦ
ንሰብ	ን+ሰብ
ግዝኡ	ግዝ+ኡ
ገይረዎ	ገይረ+ዎ
ቅደም	ቅደ+ም
ኣይተኸታተለን	ኣይ+ተኸታተለ+ን
ዝተኸደነ	ዝ+ተኸደነ
ሰግኣትማስፈራሪያ	ሰግኣትማስፈራሪ+ያ
ብታሕጓስ	ብ+ታሕጓስ
ዝምፅእደስታ	ዝ+ምፅእደስታ
ኣቐንዚዩ	ኣቐንዚ+ዩ
ዙፋን	ዙ+ፋን
ብምልኡ	ብ+ምል+ኡ
ተሰንዲዩ	ተሰንዲ+ዩ
ተደርቢዩ	ተደርቢ+ዩ
ንምዝሓል	ን+ምዝሓል
ብይዎ	ብ+ይዎ
ገዲፊዎ	ገዲፊ+ዎ
ኣጋግዩ	ኣጋግ+ዩ
ዓርስካ	ዓርስ+ካ
በዚሕዎ	በዚሕ+ዎ
ካብገዛ	ካብ+ገዛ
ኣውፂኡዎ	ኣውፂኡ+ዎ
አቐቢልዎወረወረለለት	አቐቢልዎወረወረለለ+ት
ኣምሊስዎ	ኣምሊስ+ዎ
ንዓቐብ	ን+ዓቐብ
ኣቢልዎ	ኣቢል+ዎ
አፃብዕቲ	አፃብዕ+ቲ
ውቐት	ውቐ+ት
እምበኣር	እ+ምበኣር
እሳብ	እ+ሳብ
ኣብዙይ	ኣብ+ዙይ
ዝተኣሳሳረ	ዝ+ተኣሳሳረ
ላፂዩ	ላፂ+ዩ
ማእያ	ማእ+ያ
ኣእዊዩ	ኣእዊ+ዩ
ብዘለና	ብ+ዘለ+ና
ዘቀዎርጥም	ዘቀዎርጥ+ም
ኸኽዳን	ኸኽ+ዳን
ምድርቤት	ምድርቤ+ት
ቅርቅርቲ	ቅርቅር+ቲ
ዘርጊሕዎ	ዘርጊሕ+ዎ
ደርዒምዎ	ደርዒም+ዎ
ዝጠፍዐ	ዝ+ጠፍዐ
ኣብረሀ	ኣብ+ረሀ
አሳወቕዩ	አሳወቕ+ዩ
አሰልክዩ	አሰልክ+ዩ
ቅህምም	ቅህም+ም
ዝሞቐ	ዝ+ሞቐ
ዝተቖራረፀ	ዝ+ተቖራረፀ
ዝተጠማዘዘ	ዝ+ተጠማዘዘ
ደብረዩ	ደብረ+ዩ
ብጠቕላላ	ብ+ጠቕላላ
ጠቅላላኡ	ጠቅላላ+ኡ
ብዘዙሕ	ብ+ዘዙሕ
በፍፁም	በፍፁ+ም
በፃሒዎ	በፃሒ+ዎ
ንኸፈልጥ	ን+ኸፈልጥ
ንፍሲ	ን+ፍሲ
እተዋ	እ+ተዋ
ናይፅሬት	ናይፅሬ+ት
ዝነክአ	ዝ+ነክአ
ዖደት	ዖደ+ት
ን………..ዝኣክል	ን+………..ዝኣክል
ንውሕ	ን+ውሕ
ካብከተማ	ካብ+ከተማ
ንእሽተቶይ	ን+እሽተቶይ
ንኣመሉ	ን+ኣመሉ
ብማስታወሻተ	ብ+ማስታወሻተ
ትውፊት	ት+ውፊ+ት
ባህላዊ	ባህ+ላዊ
ትራፊክ	ት+ራፊክ
ኣይረፈለየን	ኣይ+ረፈለየ+ን
ጎታቱአልተለየም	ጎታቱአልተለየ+ም
ደድሕሪኡ	ደድሕሪ+ኡ
ዝሰልጠነ	ዝ+ሰልጠነ
ዘስልጥን	ዘስልጥ+ን
ትምህርቲቀ	ት+ምህርቲቀ
ናብቲበለ	ናብ+ቲበለ
ተዋጊዩ	ተዋጊ+ዩ
ተዋዲኡ	ተዋዲ+ኡ
አርኢዩ	አርኢ+ዩ
ብዝትፈለየ	ብ+ዝትፈለየ
ገልቢጡበልዩ	ገልቢጡበል+ዩ
እዋናዊ	እ+ዋ+ናዊ
ትርጉም	ት+ርጉ+ም
ዝትርጉም	ዝ+ትርጉ+ም
ብትነት	ብ+ትነ+ት
መጎዓዓዚያ	መጎዓዓዚ+ያ
ምስሙሉእ	ምስ+ሙሉእ
እናዘዋወረ	እ+ናዘዋወረ
ጎበንኒዩ	ጎበንኒ+ዩ
ዝበዝሓ	ዝ+በዝሓ
ዝርጉሕ	ዝ+ርጉሕ
ቢያቲ	ቢያ+ቲ
ብሎን	ብ+ሎን
ክሕደት	ክሕደ+ት
ጥልመት	ጥልመ+ት
ክድነዓት	ክድነ+ዓት
ዝቑዐር	ዝ+ቑዐር
ዝቁፀር	ዝ+ቁፀር
እፅፈ	እ+ፅፈ
ዝኽደሉ	ዝ+ኽደሉ
ሀግርም	ሀግር+ም
ካብድኻም	ካብ+ድኻ+ም
ካብሕማም	ካብ+ሕማ+ም
ዝተልዓለከ	ዝ+ተልዓለከ
እበለ	እ+በለ
ዝሒሉ	ዝ+ሒሉ
ማዕዘን	ማዕዘ+ን
ትንግርት	ት+ንግር+ት
ደፊእዎ	ደፊእ+ዎ
ብዘዝግባእ	ብ+ዘዝግባእ
አዳልዩ	አዳል+ዩ
ስለላስ	ስለ+ላስ
ኣናእሽቲ	ኣናእሽ+ቲ
ኣእርኽቲ	ኣእርኽ+ቲ
ኣጋጊዩ	ኣጋጊ+ዩ
ከብፍቲ	ከብፍ+ቲ
ፅላት	ፅ+ላት
ዝነፈሰሉ	ዝ+ነፈሰሉ
ደንፊኡ	ደንፊ+ኡ
ተኣዋቲ	ተኣዋ+ቲ
ኣወት	ኣወ+ት
ብኢሕ	ብ+ኢሕ
በሓደኮይኖም	በሓደኮይኖ+ም
ወታደራት	ወታደ+ራት
ዝተማረኸ	ዝ+ተማረኸ
ሙቀት	ሙቀ+ት
ንሙቀት	ን+ሙቀ+ት
ዝኸውን	ዝ+ኸው+ን
እናሰገረ	እ+ናሰገረ
ዝደሊ	ዝ+ደሊ
ኣብፀገም	ኣብ+ፀገ+ም
ጉጅም	ጉጅ+ም
ንዝተወሰነ	ን+ዝተወሰነ
ፅዕት	ፅዕ+ት
ብለ፤ሓት	ብ+ለ፤+ሓት
መለኸት	መለኸ+ት
ካብጫፍ	ካብ+ጫፍ
ሓቀኛ	ሓቀ+ኛ
ዝተኣማመነ	ዝ+ተኣማመነ
ጥስቲ	ጥስ+ቲ
ካላማደሪያ	ካላማደሪ+ያ
የመማሪያ	የመማሪ+ያ
መፃኡ	መፃ+ኡ
ዝተዘረገ	ዝ+ተዘረገ
ዝተሓቑነ	ዝ+ተሓቑነ
ዝጎደሎ	ዝ+ጎደሎ
ታቓኒዐኡ	ታቓኒዐ+ኡ
በበጊዜኡ	በበጊዜ+ኡ
ብብታራ	ብ+ብታራ
ንምትኳስማ	ን+ምትኳስማ
ምስትሃር	ምስ+ትሃር
ውጋኣት	ውጋ+ኣት
ኣብለጭሊጩ	ኣብ+ለጭሊጩ
ከምልቢ	ከም+ልቢ
ተዋዒዩ	ተዋዒ+ዩ
ስህለት	ስህለ+ት
ብመኪና	ብ+መኪ+ና
ንፍዮ	ን+ፍዮ
ዝተለመደ	ዝ+ተለመደ
አብነታዊ	አብነ+ታዊ
ህታም	ህታ+ም
ብጣም	ብ+ጣም
ብተፈላለዩ	ብ+ተፈላለ+ዩ
ቁሽታት	ቁሽ+ታት
ትብት	ት+ብት
መንጎኛ	መንጎ+ኛ
ኣይሓፈረን	ኣይ+ሓፈረ+ን
ከየቋረዐ	ከየ+ቋረዐ
ኣይካአለን	ኣይ+ካአለ+ን
ዝቕበሉ	ዝ+ቕበሉ
እነተየኸተለ	እ+ነተየኸተለ
ኣይሕተትን	ኣይ+ሕተት+ን
የብሉንአየይጠየቅበትም	የብሉንአየይጠየቅበት+ም
ኣይነኸኦን	ኣይ+ነኸኦ+ን
ስምምዕነት	ስምምዕ+ነት
ብሙሉዕ	ብ+ሙሉዕ
እየከይበለ	እ+የከይበለ
ኣይትረደአን	ኣይ+ትረደአ+ን
ንምእመካን	ን+ምእመ+ካን
ቸኣቕኒዐኡ	ቸኣቕኒዐ+ኡ
አድልዎ	አድል+ዎ
ምኸኒያት	ምኸኒ+ያት
ኣይኮነምንክንያት	ኣይ+ኮነምንክን+ያት
ኣይረኣማምንን	ኣይ+ረኣማምን+ን
አይተጋፀን	አይተጋፀ+ን
ሓርቢቱዎ	ሓርቢቱ+ዎ
ዝመልኦ	ዝ+መልኦ
ዝረሰስሐ	ዝ+ረሰስሐ
ንመን	ን+መን
ዝድግፍ	ዝ+ድግፍ
አይገለፀንማንን	አይገለፀንማን+ን
ቁርፀኛ	ቁርፀ+ኛ
ከየይተሓሰበ	ከየ+ይተሓሰበ
ዝተገበር	ዝ+ተገበር
ዝፃረር	ዝ+ፃረር
መምንም	መምን+ም
ካብታሕቲ	ካብ+ታሕ+ቲ
ብታሕቲ	ብ+ታሕ+ቲ
ብዝነአስ	ብ+ዝነአስ
ንታሕቲ	ን+ታሕ+ቲ
ምስጥር	ምስ+ጥር
ሰራሕተና	ሰራሕተ+ና
ዝተሸፈነ	ዝ+ተሸፈነ
ዝትኸደነ	ዝ+ትኸደነ
ኣረርሲሑዎ	ኣረርሲሑ+ዎ
ብልምዓት	ብ+ልም+ዓት
ተበፂሕዎ	ተበፂሕ+ዎ
ብሕቡእ	ብ+ሕቡእ
ዝገብር	ዝ+ገብር
ዝበለነገር	ዝ+በለነገር
ፅጉም	ፅጉ+ም
ሓሲብዎ	ሓሲብ+ዎ
ዝተሓተ	ዝ+ተሓተ
ዝትፈረመ	ዝ+ትፈረመ
ስለዝነበር	ስለ+ዝነበር
ኣትሒትካ	ኣትሒት+ካ
ዝግባኦ	ዝ+ግባኦ
ዝተሓሰበከሚገባው	ዝ+ተሓሰበከሚገባው
በብገበን	በብገበ+ን
ዝነበር	ዝ+ነበር
ኣየድልዮን	ኣየድልዮ+ን
ኣይተጠራጠረን	ኣይ+ተጠራጠረ+ን
ዝሓሰቦ	ዝ+ሓሰቦ
ንላዕሲ	ን+ላዕሲ
ቅልቅለት	ቅልቅለ+ት
ዝፈትሐ	ዝ+ፈትሐ
ዘይመጣጠን	ዘይመጣጠ+ን
ቂምተሓለወን	ቂምተሓለወ+ን
ዘሎን	ዘሎ+ን
ዘየሎን	ዘየሎ+ን
ዝኸፍአ	ዝ+ኸፍአ
ጠጥዕና	ጠጥዕ+ና
ዝወሓዶ	ዝ+ወሓዶ
ዝጎድእጤና	ዝ+ጎድእጤ+ና
ማንም	ማን+ም
ዝረኸስ	ዝ+ረኸስ
ንመምግማት	ን+መምግ+ማት
ዝፀግም	ዝ+ፀግ+ም
ኤገለጠን	ኤገለጠ+ን
ሓድነት	ሓድ+ነት
ተሓባቢሮም	ተሓባቢሮ+ም
ብፃይ	ብ+ፃይ
ሕቡራት	ሕቡ+ራት
መንግስታት	መንግስ+ታት
ብስነ	ብ+ስነ
ፍትረት	ፍትረ+ት
በምሊኡ	በምሊ+ኡ
ዩንቨርስቲ	ዩንቨርስ+ቲ
ዝተወሳሰበ	ዝ+ተወሳሰበ
ዘይሕጋዊ	ዘይሕ+ጋዊ
ንክርሳዕ	ን+ክርሳዕ
ዘይምምሃርማስረሳት	ዘይምምሃርማስረ+ሳት
ኣፍለኛ	ኣፍለ+ኛ
እነንተ	እ+ነንተ
አይኮነን	አይኮነ+ን
ዝራሓቐ	ዝ+ራሓቐ
ዝስማዕ	ዝ+ስማዕ
ኤኮነን	ኤኮነ+ን
ከየስተውዓለ	ከየ+ስተውዓለ
ኣየጠራጥርን	ኣየጠራጥር+ን
አይሃቦን	አይሃቦ+ን
ዝኮነ	ዝ+ኮነ
ካብስርዓት	ካብ+ስር+ዓት
ንርእሱ	ን+ርእሱ
ዘኣበዩ	ዘኣበ+ዩ
ካብሳንጣ	ካብ+ሳንጣ
አውፃኡ	አውፃ+ኡ
ዝተዐልአ	ዝ+ተዐልአ
ንምባል	ን+ምባል
ንሙያኡ	ን+ሙያ+ኡ
ዛዐግም	ዛዐግ+ም
ብዘይጥርጥር	ብ+ዘይጥርጥር
ካብዝግባእ	ካብ+ዝግባእ
ዘየተኣማምን	ዘየተኣማም+ን
ብሰፍሓት	ብ+ሰፍ+ሓት
ዝተለምደ	ዝ+ተለምደ
ሰብኣያ	ሰብኣ+ያ
ዝሞታ	ዝ+ሞታ
ዝሞተቶ	ዝ+ሞተቶ
በዓልቲ	በዓል+ቲ
ዝተጋጠፀ	ዝ+ተጋጠፀ
ዝተጠቕለለ	ዝ+ተጠቕለለ
አረማዊ	አረ+ማዊ
አራዊት	አራዊ+ት
ብልሃት	ብ+ል+ሃት
ፈቓሰኛ	ፈቓሰ+ኛ
ዝፈተወ	ዝ+ፈተወ
ብፍታው	ብ+ፍታው
ብድልዬት	ብ+ድልዬ+ት
ቆራፅነት	ቆራፅ+ነት
ፀምሊዩ	ፀምሊ+ዩ
ይከህረም	ይ+ከህረ+ም
ትንፋስh	ት+ንፋስh
ፈስዩ	ፈስ+ዩ
ዝተመጣጠነ	ዝ+ተመጣጠነ
ኣታዓባቦያ	ኣታዓባቦ+ያ
እሙቕ	እ+ሙቕ
ብዕምቆት	ብ+ዕምቆ+ት
ኸረምቲ	ኸረም+ቲ
ሰስልኪ	ሰስል+ኪ
ረራድዩ	ረራድ+ዩ
ብፍልጠት	ብ+ፍልጠ+ት
ብብልሓት	ብ+ብል+ሓት
ተትምኒት	ተትምኒ+ት
እነንጀራ	እ+ነንጀራ
ፀፅንዓት	ፀፅን+ዓት
ብህርፋን	ብ+ህር+ፋን
ምትሃተኛ	ምትሃተ+ኛ
መተትሃት	መተት+ሃት
ናብካልአ	ናብ+ካልአ
ብዘይግባእ	ብ+ዘይግባእ
ኣስማተኛ	ኣስማተ+ኛ
አንስቲ	አንስ+ቲ
ማሕፀን	ማሕፀ+ን
ዝድነቐቕ	ዝ+ድነቐቕ
ግሩም	ግሩ+ም
ብዝገርም	ብ+ዝገር+ም
ንምትእትታው	ን+ምትእትታው
እንፀቲ	እ+ንፀ+ቲ
ዕፀንቲ	ዕፀን+ቲ
ዕንፀቲ	ዕንፀ+ቲ
መልእኸቲ	መልእኸ+ቲ
እመነኒ	እ+መነኒ
ብዘይ.	ብ+ዘይ.
ስራሕት	ስራሕ+ት
መፃሕፍት	መፃሕፍ+ት
ልፍዓት	ልፍ+ዓት
የመሳሪያ	የመሳሪ+ያ
ዓለምኛ	ዓለም+ኛ
ሓያላት	ሓያ+ላት
መንግሰት	መንግሰ+ት
ዝነቀዘ	ዝ+ነቀዘ
ዝበለየ	ዝ+በለየ
ዝተወደአ	ዝ+ተወደአ
ዝተዐነቐ	ዝ+ተዐነቐ
ዝጨነቖ	ዝ+ጨነቖ
ኣብጭንቂ	ኣብ+ጭንቂ
ስግኣት	ስግ+ኣት
ዝበኣስ	ዝ+በኣስ
ኣግዳድዎ	ኣግዳድ+ዎ
ምዕመን	ምዕመ+ን
ዝመፀ	ዝ+መፀ
እነትመፀ	እ+ነትመፀ
እንተበኣስ	እንተ+በኣስ
ዝግባዕ	ዝ+ግባዕ
ዝረብሕ	ዝ+ረብሕ
ብቁዕ	ብ+ቁዕ
ንሓዋሩ	ን+ሓዋሩ
ሕርቀት	ሕርቀ+ት
ጉንጉን	ጉንጉ+ን
ተመሊኡ	ተመሊ+ኡ
ብሓደጋ	ብ+ሓደጋ
ሩጉም	ሩጉ+ም
ምስኪናይ	ምስ+ኪናይ
ደድሕነት	ደድሕ+ነት
አይረሳዖን	አይረሳዖ+ን
ውዒዩ	ውዒ+ዩ
ናብዙይን	ናብ+ዙይ+ን
ናብይንበለ	ናብ+ይንበለ
ከምለሰስአሻሸ	ከም+ለሰስአሻሸ
ዝተፀጋፊ	ዝ+ተፀጋፊ
ተጋጊዩ	ተጋጊ+ዩ
ዝተሰርሓ	ዝ+ተሰርሓ
ዝሓረቀ	ዝ+ሓረቀ
ዝጓሃየ	ዝ+ጓሃየ
(ከም	(ከ+ም
ጉትት	ጉት+ት
በድንገት	በድንገ+ት
ዕመታት	ዕመ+ታት
ዓመታት	ዓመ+ታት
ብብዓመቱ	ብ+ብዓመቱ
ምህረት	ምህረ+ት
ዓመተትን	ዓመተት+ን
ንዘመናት	ን+ዘመ+ናት
ንዓመታት	ን+ዓመ+ታት
ናፍቆት	ናፍቆ+ት
ብኸያት	ብ+ኸ+ያት
ኮይኑግና	ኮይኑግ+ና
ኣፍርዩ	ኣፍር+ዩ
ኣርዑት	ኣርዑ+ት
እነንጀኻትኩም	እ+ነንጀኻት+ኩም
ንስኻትክን	ን+ስኻት+ክን
ንስኺ	ን+ስኺ
መንእስያት	መንእስ+ያት
እኾኑ	እ+ኾኑ
ሰብዓይን	ሰብዓይ+ን
ንእስቶይ	ን+እስቶይ
ንኡስ	ን+ኡስ
ናትኹም	ናትኹ+ም
መንእሰያት	መንእሰ+ያት
ናይመንእስያት	ናይመንእስ+ያት
ዝለልአለ	ዝ+ለልአለ
ብጥቕኡ	ብ+ጥቕ+ኡ
ሻርነራኡ	ሻርነራ+ኡ
መቐነቲ	መቐነ+ቲ
ግዝኣት	ግዝ+ኣት
በሃንደበት	በሃንደበ+ት
ሞርታርን	ሞርታር+ን
ጋዛ	ጋ+ዛ
ዝወስዱ	ዝ+ወስ+ዱ
ውሽጣ	ውሽ+ጣ
ፈንዩ	ፈን+ዩ
ዘይትኣምን	ዘይ+ትኣምን
ዝብሉ	ዝ+ብ+ሉ
ዝኽልክል	ዝ+ኽልክል
ገፃ	ገ+ፃ
ዝሕብር	ዝ+ሕብር
እትወስደሉ	እት+ወስ+ደሉ
ተምሃሮ	ተም+ሃሮ
ፓርቲኦም	ፓርቲ+ኦም
ዝፀውዑ	ዝ+ፀው+ዑ
ክድንጉይ	ክ+ድንጉይ
ኣጠንቂቖም	ኣጠን+ቂቖም
ክፍለ	ክ+ፍለ
ኣፍሊጡ	ኣፍ+ሊጡ
ለብዒ	ለብ+ዒ
ታክሲን	ታክሲ+ን
ብጊላታት	ብጊላ+ታት
ዝተሃንጹ	ዝ+ተሃን+ጹ
ርእያቶ	ርእ+ያቶ
ዘይትፈልጥ	ዘይ+ትፈልጥ
ንዝተብሃሉ	ን+ዝተብ+ሃሉ
ኣውዒሉ	ኣው+ዒሉ
ኣቡ	ኣ+ቡ
ምሁራትን	ምሁ+ራትን
መረዳእትኣ	መረዳእ+ትኣ
ዘርጊሓቶ	ዘር+ጊሓቶ
ምልሓኹ	ም+ል+ሓኹ
ዘይቲ	ዘይ+ቲ
ክቕፅል	ክ+ቕፅል
ከምዝኽእል	ከምዝ+ኽእል
ዝምራሕ	ዝ+ምራሕ
ኮርያ	ኮር+ያ
ቀይዲ	ቀይ+ዲ
ዝግመቱ	ዝ+ግ+መቱ
ብምቅዋም	ብም+ቅዋም
ኣካይዶም	ኣካይ+ዶም
ኣጽዲቑ	ኣጽ+ዲቑ
ኮኾቡ	ኮኾ+ቡ
ዝዘውር	ዝ+ዘውር
ዝገልጽ	ዝ+ገልጽ
ንምምራፅ	ንም+ምራፅ
ዝገበርዎ	ዝ+ገበር+ዎ
ምህላዉ	ምህ+ላዉ
ክምለስ	ክ+ምለስ
ይግበር	ይ+ግበር
ክካየድ	ክ+ካየድ
ኣምሲሉ	ኣም+ሲሉ
ክቕየር	ክ+ቕየር
ክቐርብ	ክ+ቐርብ
ንምምርማር	ንምምር+ማር
ሃገሮምን	ሃገ+ሮም+ን
ንምጥንኻር	ንምጥን+ኻር
ዝተብሃላ	ዝ+ተብ+ሃላ
ንምግጣም	ንም+ግጣም
ተፈጥሮ	ተፈጥ+ሮ
ንምሕላው	ንምሕ+ላው
ንዝዕድሉ	ን+ዝዕድ+ሉ
ዝቐፅዕ	ዝ+ቐፅዕ
ዝካየድ	ዝ+ካየድ
ክግበረሉ	ክ+ግ+በረሉ
ዝርከቡ	ዝ+ር+ከቡ
ኢዶም	ኢ+ዶም
ዝማዕበለ	ዝ+ማዕ+በለ
ወይኒ	ወይ+ኒ
እናተብሃለ	እና+ተብ+ሃለ
ኣፍሊጣ	ኣፍ+ሊጣ
ኣውዒላ	ኣው+ዒላ
ኣመሪካን	ኣመሪካ+ን
ኣዝያ	ኣዝ+ያ
ዝተርኣየትሉ	ዝ+ተር+ኣየትሉ
ንዳሓር	ን+ዳሓር
ሰማይ	ሰማ+ይ
እትርከብ	እት+ርከብ
ኩነታታ	ኩነታ+ታ
ክመሓየሽ	ክ+መሓየሽ
ውፅኢቱ	ው+ፅኢቱ
ክጥቀም	ክ+ጥቀም
ንምዕራብ	ንምዕ+ራብ
ዝተጠርጠረት	ዝ+ተጠር+ጠረት
ብምትኳስ	ብምት+ኳስ
መጠኑ	መጠ+ኑ
ዝተመዝገበን	ዝ+ተመዝ+ገበን
ተብሂሉ	ተብ+ሂሉ
ዝፍለጥ	ዝ+ፍለጥ
ዝሓትት	ዝ+ሓትት
ልኢኻ	ል+ኢኻ
ዝተናውሐ	ዝ+ተናው+ሐ
ክትእውጅ	ክ+ትእውጅ
ዝዝውተር	ዝ+ዝውተር
ክእግዶ	ክ+እግ+ዶ
ይኽእል	ይ+ኽእል
ብዝተብሃለ	ብ+ዝተብ+ሃለ
ክትጥቃዕ	ክ+ትጥቃዕ
ግና	ግ+ና
ዝበዝሑ	ዝ+በዝ+ሑ
ዝግመት	ዝ+ግመት
ሜሳ	ሜ+ሳ
ዝወስድ	ዝ+ወስድ
ዝጥቀሙሉ	ዝ+ጥ+ቀሙሉ
ከይሰርሑ	ከይ+ሰር+ሑ
ክገብር	ክ+ገብር
ዝሓንፀፆ	ዝ+ሓን+ፀፆ
ንካልኦት	ንካል+ኦት
ዝበጽሓ	ዝ+በጽ+ሓ
ንምምሕያሽ	ንምምሕ+ያሽ
ንዝተሓንፀፀ	ን+ዝተሓን+ፀፀ
ንምቅዋም	ንም+ቅዋም
ክልለ	ክ+ልለ
ከምዘመልከቶ	ከም+ዘመል+ከቶ
ዝተፈጥረ	ዝ+ተፈጥ+ረ
ምጽናሖም	ምጽ+ናሖም
ተመዝጊቡ	ተመዝ+ጊቡ
ጐንፂ	ጐን+ፂ
ወለዶም	ወ+ለዶም
ክንቀሉ	ክ+ንቀሉ
ዝብሃል	ዝ+ብሃል
ማልያኡ	ማልያ+ኡ
ምልክታ	ምልክ+ታ
ዝፀንሐ	ዝ+ፀን+ሐ
ብዝጠቅም	ብ+ዝጠቅም
ክህልዎም	ክ+ህል+ዎም
መደቡ	መደ+ቡ
ዘይፍለ	ዘይ+ፍለ
ይምርምሩ	ይ+ምርም+ሩ
ሂወቱ	ሂወ+ቱ
ቀረባ	ቀረ+ባ
ትዘፍፍ	ት+ዘፍፍ
ብምጥቃዕ	ብምጥ+ቃዕ
ኣውጺኡ	ኣው+ጺኡ
ተመስሪቶም	ተመስ+ሪቶም
ከምዝመሓላለፍ	ከምዝ+መሓላለፍ
ንምንፃር	ን+ምንፃር
ክውስኽ	ክ+ውስኽ
ኩሎም	ኩ+ሎም
ጀልባ	ጀል+ባ
ንምሕጋዝ	ንምሕ+ጋዝ
ዝህቦ	ዝ+ህ+ቦ
ክዓፁ	ክ+ዓፁ
ስርሖም	ስ+ርሖም
ክስእኑ	ክ+ስእ+ኑ
ኣመልኪቱ	ኣመል+ኪቱ
ፍቓዱ	ፍቓ+ዱ
ክኸውን	ክ+ኸውን
ኣፍልጦ	ኣፍል+ጦ
ዝጸብጸቦ	ዝ+ጸብ+ጸቦ
ይዛይድ	ይ+ዛይድ
ንምርግጋፅ	ንምርግ+ጋፅ
ብምሕታት	ብምሕ+ታት
ብምጥቃም	ብም+ጥቃም
ዝኽእሉ	ዝ+ኽእ+ሉ
ዝፅግዑ	ዝ+ፅግ+ዑ
ክገልፁ	ክ+ገል+ፁ
ዝተልዓላ	ዝ+ተል+ዓላ
ንምጥርናፍ	ንምጥር+ናፍ
ክትቅጽል	ክ+ትቅጽል
እስራኤልን	እስራኤል+ን
ዘይብላ	ዘይ+ብ+ላ
ዝተብሃለት	ዝ+ተብ+ሃለት
ኣቐዲምካ	ኣቐዲም+ካ
ዘይምርግጋእ	ዘይ+ምርግጋእ
ንምውራድ	ንምው+ራድ
ዝስምዑሉ	ዝ+ስም+ዑሉ
ንጥፈታትን	ንጥፈ+ታትን
ኣስዒቡ	ኣስ+ዒቡ
ኣጠንቂቓ	ኣጠን+ቂቓ
መግብን	መግ+ብን
ዝተባህለ	ዝ+ተባህ+ለ
ዝሕክም	ዝ+ሕክም
ንምጥቃም	ንም+ጥቃም
ይርከብ	ይ+ርከብ
ሓበሬታኣ	ሓበሬታ+ኣ
ዝበጽሑ	ዝ+በጽ+ሑ
ጀርመን	ጀር+መን
ዝተባህለት	ዝ+ተባህ+ለት
ስዒሩ	ስ+ዒሩ
ደረጅኡ	ደረ+ጅኡ
ክዕቅብ	ክ+ዕቅብ
ክኢሉ	ክ+ኢሉ
ንመፅሓፍቲ	ንመፅሓፍ+ቲ
ንምግባር	ንምግ+ባር
ምድሪን	ምድሪ+ን
ኣበርክቶ	ኣበርክ+ቶ
ምውዓሉ	ም+ው+ዓሉ
ዘየማልኡ	ዘ+የማል+ኡ
ዳርጋ	ዳር+ጋ
ብዝኸፍአ	ብ+ዝኸፍ+አ
ከምዝተጎድአ	ከምዝ+ተጎድ+አ
ደርቢ	ደር+ቢ
ንተቓወምቲ	ንተቓ+ወምቲ
ንምጥባር	ንምጥ+ባር
ንዝርከቡ	ን+ዝር+ከቡ
ብኣሽሓት	ብኣሽ+ሓት
ንዝግበር	ን+ዝግበር
ንምውጻእ	ንምው+ጻእ
ጉዳዮም	ጉዳ+ዮም
ቀዳመይ	ቀዳ+መይ
ጎርደን	ጎር+ደን
ንምውሳድ	ንምው+ሳድ
ኣየራ	ኣየ+ራ
ከይትኣቱ	ከይ+ትኣቱ
ከልኪላ	ከል+ኪላ
ጀርሲ	ጀር+ሲ
ንምውድዳር	ንምውድ+ዳር
ብምውፃእ	ብምው+ፃእ
ክፍፅሙ	ክ+ፍ+ፅሙ
ክትብል	ክ+ትብል
ዝፍጽም	ዝ+ፍጽም
ዝስዓበ	ዝ+ስ+ዓበ
ስልጣኖም	ስልጣ+ኖም
ከምዝኽእሉ	ከምዝ+ኽእ+ሉ
ንምእንጋድ	ንምእን+ጋድ
ዝደገፍዎ	ዝ+ደገፍ+ዎ
ምሟቱ	ምሟ+ቱ
ወዱ	ወ+ዱ
ከምዘልዓሎ	ከም+ዘል+ዓሎ
ይካየድ	ይ+ካየድ
ኣትዮም	ኣት+ዮም
ንዝተብሃላ	ን+ዝተብ+ሃላ
ንምድሓን	ን+ምድሓን
ንዘላ	ን+ዘላ
ዕደና	ዕ+ደና
ክበትካ	ክ+በት+ካ
ስዒራታ	ስ+ዒራታ
ሓደስትን	ሓ+ደስትን
ምህላወን	ምህ+ላወን
ማልን	ማል+ን
ዝተልዓለ	ዝ+ተል+ዓለ
ይርከቡ	ይ+ር+ከቡ
ዓቐኑ	ዓቐ+ኑ
ዝልካዕ	ዝ+ልካዕ
ንምብራቕ	ንምብ+ራቕ
ከየስዕብ	ከ+የስዕብ
እኳ	እ+ኳ
እትእሰር	እት+እሰር
ንምእታው	ንምእ+ታው
ገፁ	ገ+ፁ
ሓዉ	ሓ+ዉ
ፀብፂቡ	ፀብ+ፂቡ
የመና	የመ+ና
ወፃእተኛታትን	ወፃእተኛ+ታትን
ስርሐን	ስ+ርሐን
ንምፍጻም	ንም+ፍጻም
ተወንጪፋ	ተወን+ጪፋ
ዝውሰዱ	ዝ+ው+ሰዱ
ኣመልኪቶም	ኣመል+ኪቶም
ብልሽውናን	ብልሽ+ውና+ን
መጥቃዕትን	መጥቃዕ+ትን
ሃገራ	ሃገ+ራ
ስለዝመልኡ	ስለዝ+መል+ኡ
ብዘስዓቦ	ብ+ዘስ+ዓቦ
ሃለዋቶም	ሃለዋ+ቶም
ዝነበርዎ	ዝ+ነበር+ዎ
ብምዕናው	ብምዕ+ናው
ብተጻወትቲ	ብተጻ+ወትቲ
ክፍርሙ	ክ+ፍር+ሙ
ዓለምና	ዓለም+ና
ድሐሪ	ድ+ሐሪ
ንምምራሕ	ንም+ምራሕ
ክመርሕ	ክ+መርሕ
ስዒቡ	ስ+ዒቡ
ሰራ	ሰ+ራ
ንዝርከብ	ን+ዝርከብ
ዝፅዋዕ	ዝ+ፅዋዕ
ከይወርድ	ከይ+ወርድ
ተፀብፂቡ	ተፀብ+ፂቡ
ሕብረትን	ሕብረት+ን
ክገብራ	ክ+ገብ+ራ
ይውሕዙ	ይ+ውሕ+ዙ
ይሰርሑ	ይ+ሰር+ሑ
ማናስ	ማና+ስ
ምሰብቀዐ	ም+ሰብ+ቀዐ
ስልጣኑ	ስልጣ+ኑ
ጨውዮም	ጨው+ዮም
ይፍታሕ	ይ+ፍታሕ
ተቓወምቲን	ተቓ+ወምቲን
ንምስፋሕ	ንምስ+ፋሕ
ስዒራ	ስ+ዒራ
ጎንፂ	ጎን+ፂ
ይኹን	ይ+ኹን
ንምቁፅፃር	ንምቁ+ፅፃር
ምውሳዱ	ምው+ሳዱ
ዝተቐትሉ	ዝ+ተቐት+ሉ
ክድለ	ክ+ድለ
ኣፍቂዳ	ኣፍ+ቂዳ
ዝርከባ	ዝ+ር+ከባ
ከባብታትን	ከባ+ብታትን
ዝህንደድ	ዝ+ህንደድ
ሓደጋኡ	ሓደጋ+ኡ
ክብል	ክ+ብል
ዝተባህሉ	ዝ+ተባህ+ሉ
ጋዝን	ጋዝ+ን
ጠያይትን	ጠያይት+ን
ንብዙሓት	ንብዙ+ሓት
ዝተኸልከለ	ዝ+ተኸል+ከለ
ከተማይ	ከተማ+ይ
ዝሓንገደ	ዝ+ሓን+ገደ
ተርጓሚን	ተርጓሚ+ን
ክፍትሑ	ክ+ፍት+ሑ
ክትሕግዛ	ክ+ትሕግ+ዛ
ቡምባን	ቡምባ+ን
ተኹስን	ተ+ኹስን
ንምእላይ	ንምእ+ላይ
ሃገረን	ሃገ+ረን
ክምለሳ	ክ+ም+ለሳ
ክንቀሳቐሱ	ክ+ን+ቀሳቐሱ
ስሙ	ስ+ሙ
ቀይሩ	ቀይ+ሩ
ዝምልከቱ	ዝ+ምል+ከቱ
ሕግታቱ	ሕ+ግታቱ
ዋናን	ዋና+ን
ዝጅምር	ዝ+ጅምር
ክሳተፍ	ክ+ሳተፍ
ዝተገብረ	ዝ+ተገብ+ረ
ክጽንበር	ክ+ጽንበር
ዝተነብረ	ዝ+ተነብ+ረ
ኣድሚጹ	ኣድ+ሚጹ
ንምጭፍላቕ	ንምጭፍ+ላቕ
ክተብል	ክ+ተብል
ከምዘቕርባ	ከም+ዘቕር+ባ
ኣጠንቂቑ	ኣጠን+ቂቑ
ጉተማ	ጉ+ተማ
ከምዝሓብአት	ከምዝ+ሓብ+አት
ብወተሃደራት	ብወተሃደ+ራት
ተጠርጢሮም	ተጠር+ጢሮም
ዝነብሩ	ዝ+ነብ+ሩ
መንበሪኦም	መንበሪ+ኦም
ክሕንፀፅ	ክ+ሕንፀፅ
ክቋረፅ	ክ+ቋረፅ
ከይትፈቅድ	ከይ+ትፈቅድ
ሊዮን	ሊዮ+ን
ብምክያድ	ብምክ+ያድ
ሃገሮም	ሃገ+ሮም
ብዝምልከት	ብ+ዝምልከት
ዓቕላ	ዓቕ+ላ
ይፅንቀቕ	ይ+ፅንቀቕ
ክጉዕፅፁ	ክ+ጉዕ+ፅፁ
ንእስራኤላውያን	ንእስራኤ+ላውያን
ትሕግዝ	ት+ሕግዝ
ምሉእን	ምሉእ+ን
ግልፂን	ግል+ፂን
ምእታዎም	ምእ+ታዎም
ንሓለፍቲ	ንሓ+ለፍቲ
ምርመራን	ምርመራ+ን
ንዝተጠርጠረ	ን+ዝተጠር+ጠረ
ኣውዒሎም	ኣው+ዒሎም
ዝሕብሮ	ዝ+ሕብ+ሮ
ሰባትን	ሰ+ባትን
ክሕተቱ	ክ+ሕ+ተቱ
ምሕርናኽን	ምሕር+ናኽን
ፀኒሑ	ፀኒ+ሑ
ዝህሉ	ዝ+ህሉ
ባህርይን	ባህርይ+ን
ክትህብ	ክ+ትህብ
ዝቐርብ	ዝ+ቐርብ
ኣእምሮን	ኣእምሮ+ን
ሓጋዚኡ	ሓጋዚ+ኡ
ቆንስላ	ቆንስ+ላ
ክሓትት	ክ+ሓትት
ምፍታኑ	ምፍ+ታኑ
መጥቃዕቶም	መጥቃዕ+ቶም
ንዝስርሑ	ን+ዝስር+ሑ
ኣራእሶም	ኣራእ+ሶም
ከምዝሰብሩ	ከምዝ+ሰብ+ሩ
ብዝተጠርጠሩ	ብ+ዝተጠር+ጠሩ
ኣትዩዋ	ኣት+ዩዋ
ዝውነና	ዝ+ው+ነና
ሸሚሞምዎ	ሸሚሞም+ዎ
ዝተብሃሉ	ዝ+ተብ+ሃሉ
ይርእይ	ይ+ርእይ
ርክብን	ርክብ+ን
ባህሪይን	ባህሪ+ይ+ን
ይርከባ	ይ+ር+ከባ
ምእላዮም	ምእ+ላዮም
ምክያዱ	ምክ+ያዱ
ዘይተፈልጠ	ዘይ+ተፈል+ጠ
ዘይምስምማዕ	ዘይ+ምስምማዕ
ክኽፈት	ክ+ኽፈት
ንምብታን	ን+ምብታን
ማይን	ማይ+ን
ንህንፃ	ንህን+ፃ
ማዕርነትን	ማዕርነት+ን
ቁፅፅርን	ቁፅፅር+ን
ደገፎም	ደገ+ፎም
ግዜኡ	ግዜ+ኡ
ጉዳዩ	ጉዳ+ዩ
ኣሕሪሩ	ኣሕ+ሪሩ
ክህነፅ	ክ+ህነፅ
ሓሙስ	ሓሙ+ስ
ምስምዑ	ምስም+ዑ
ኣዲኡ	ኣ+ዲኡ
ብምስዓር	ብምስ+ዓር
ዝበዝሐሉ	ዝ+በዝ+ሐሉ
ዝተሓምሸሸት	ዝ+ተሓም+ሸሸት
ህይወቶም	ህይወ+ቶም
ምውፅኡ	ምው+ፅኡ
እትሰርሕ	እት+ሰርሕ
ምፍጻማ	ም+ፍጻማ
ክትዓልብ	ክ+ትዓልብ
ንዘሎ	ን+ዘሎ
ኣብዘሎ	ኣብ+ዘሎ
ምእሳሮም	ምእ+ሳሮም
መንሽሮ	መንሽ+ሮ
ከምዘስዕብ	ከም+ዘስዕብ
ክስሕብ	ክ+ስሕብ
ኣፍሊጦም	ኣፍ+ሊጦም
ኣትሒዙ	ኣት+ሒዙ
ንኣጋይሽ	ንኣጋ+ይሽ
ጥሒሳ	ጥ+ሒሳ
ብወታደራት	ብወ+ታደራት
ንዘቕርቦ	ን+ዘቕር+ቦ
ክሕሾ	ክ+ሕሾ
ሓላፊነታ	ሓላፊነ+ታ
ክትምለስ	ክ+ትምለስ
ብምስጋእ	ብምስ+ጋእ
ንምፍሳስ	ንምፍ+ሳስ
ክብሉ	ክ+ብ+ሉ
ንዝተጋፍሐን	ን+ዝተጋፍ+ሐን
ዓይኑ	ዓይ+ኑ
ኣይቕፅልን	ኣይ+ቕፅል+ን
ኢጣልያን	ኢጣልያ+ን
ፈረንሳይን	ፈረንሳ+ይ+ን
ማይልስ	ማይል+ስ
ክትከውን	ክ+ትከውን
ምግቢን	ምግቢ+ን
መድሓኒትን	መድሓኒት+ን
ዝዕወት	ዝ+ዕወት
ምስቃሉ	ምስ+ቃሉ
ርሒቖም	ር+ሒቖም
ዝሰርሕ	ዝ+ሰርሕ
ዝፍፅሞ	ዝ+ፍ+ፅሞ
ዝምንጭው	ዝ+ምንጭው
ብምውቓዕ	ብምው+ቓዕ
ማርስ	ማር+ስ
ደብሪ	ደብ+ሪ
ክጠፍእ	ክ+ጠፍእ
ተጠርጢሩ	ተጠር+ጢሩ
ዓመትን	ዓመት+ን
ንምድጋፍ	ንምድ+ጋፍ
በይኑ	በይ+ኑ
ብልሽውና	ብልሽ+ውና
ምፍሻሉ	ምፍ+ሻሉ
ዝስማ	ዝ+ስ+ማ
መርዚ	መር+ዚ
ከምዝፍውስ	ከምዝ+ፍውስ
ዝምህሩ	ዝ+ምህ+ሩ
ብምርካብ	ብ+ምርካብ
ብልዒን	ብልዒ+ን
ሻሂን	ሻሂ+ን
ትምህርታ	ትምህር+ታ
ጥሒሱ	ጥ+ሒሱ
ዝስመ	ዝ+ስመ
ስኢኖም	ስ+ኢኖም
ትነብር	ት+ነብር
ወሊዳ	ወሊ+ዳ
ምብቅዑ	ምብቅ+ዑ
ከልኪሉ	ከል+ኪሉ
ምህላዎም	ምህ+ላዎም
ንደሴታት	ንደሴ+ታት
ምህጋራ	ምህ+ጋራ
ንምክትታል	ንምክት+ታል
መበገሲኡ	መበገሲ+ኡ
ጉዕዞኡ	ጉዕዞ+ኡ
ዝስሙ	ዝ+ስ+ሙ
ምስራቕን	ምስ+ራቕን
ኣሕሊፍካ	ኣሕ+ሊፍካ
ምሃብን	ምሃብ+ን
ፈረቓን	ፈረቓ+ን
ክእሰር	ክ+እሰር
ዝፀንሐት	ዝ+ፀን+ሐት
ህይወታ	ህይወ+ታ
ብስራሕቲ	ብስራሕ+ቲ
ዝህበን	ዝ+ህ+በን
ክኸፍተለን	ክ+ኸፍ+ተለን
ኣማስያ	ኣማስ+ያ
መዓልቱ	መዓል+ቱ
ጥዕንኦም	ጥዕ+ንኦም
ብዝፅዋዕ	ብ+ዝፅዋዕ
ዝተወልዐ	ዝ+ተወል+ዐ
ዓንዩ	ዓን+ዩ
ወሰና	ወሰ+ና
ምስዓቡ	ም+ስ+ዓቡ
ብምውካል	ብምው+ካል
ምፍታኖም	ምፍ+ታኖም
ተዋህዶ	ተዋህ+ዶ
እትህቦ	እት+ህ+ቦ
ንክስታት	ንክ+ስታት
ቅትለትን	ቅትለት+ን
ብምዕንቃፍን	ብምዕን+ቃፍን
ሰነዳትን	ሰነ+ዳትን
ዝኸፍል	ዝ+ኸፍል
ጉልባቡ	ጉልባ+ቡ
ተቐንጢጡ	ተቐን+ጢጡ
መንግስትን	መንግስ+ትን
እናሰርሐ	እና+ሰር+ሐ
ከምዘመልክቶ	ከም+ዘመልክ+ቶ
ንፀሓይ	ን+ፀሓይ
ዋልታኣ	ዋልታ+ኣ
ንምህላው	ንምህ+ላው
ንምድህሳስ	ንምድህ+ሳስ
ስርሓ	ስ+ርሓ
ትቕጽል	ት+ቕጽል
ምህላዋ	ምህ+ላዋ
ጨዳዳትን	ጨዳ+ዳትን
ቅርጽታትን	ቅር+ጽታትን
ምጥፍኡ	ምጥፍ+ኡ
ብምግባር	ብ+ምግባር
ንምክያድ	ንምክ+ያድ
ንምቍጽጻር	ንምቍጽ+ጻር
ኣማውታ	ኣማው+ታ
ክፃረ	ክ+ፃረ
ብዝኣዘዞ	ብ+ዝ+ኣዘዞ
ሓላፍነቱ	ሓላፍነ+ቱ
ብምትካእ	ብምት+ካእ
ከምዝኸውን	ከምዝ+ኸውን
ተሸይጡ	ተሸይ+ጡ
ፈረንሳይ	ፈረንሳ+ይ
መስሪቱ	መስ+ሪቱ
መርዓን	መርዓ+ን
ንምዕቃብ	ንምዕ+ቃብ
እንተኣትዮም	እንተ+ኣት+ዮም
ዝገብሮ	ዝ+ገብ+ሮ
ባተሪታተን	ባተሪ+ታተን
ክትረክብ	ክ+ትረክብ
ንዝተብሃለ	ን+ዝተብ+ሃለ
ክፍፀሙ	ክ+ፍ+ፀሙ
ምባልን	ምባል+ን
ምስዳርን	ምስ+ዳርን
ከምዝቕንስ	ከምዝ+ቕንስ
ዝዕድመኣ	ዝ+ዕድ+መኣ
አይድስ	አይ+ድስ
ዝተወልደት	ዝ+ተወል+ደት
ቅድሚኡ	ቅድሚ+ኡ
ኢዱ	ኢ+ዱ
ብዘርኣዮ	ብ+ዘር+ኣዮ
ክቕፃዕ	ክ+ቕፃዕ
ኣልዒሎሙዎ	ኣል+ዒሎሙዎ
ዝርከቡዎም	ዝ+ር+ከቡዎም
ውዒሎም	ው+ዒሎም
ዝንኪ	ዝ+ንኪ
ዝከላኸል	ዝ+ከላኸል
ክርስቲያንን	ክርስቲያን+ን
ሩስያን	ሩስያ+ን
ሃለዋቱ	ሃለዋ+ቱ
ዝመርሑዋ	ዝ+መር+ሑዋ
ብምእታው	ብምእ+ታው
ስድርኡን	ስድ+ርኡ+ን
ብምዝራቦም	ብ+ም+ዝራቦም
ዝፀብፀበት	ዝ+ፀብ+ፀበት
ከምዝተትሓዙ	ከምዝ+ተት+ሓዙ
ቻይናን	ቻይና+ን
ንምንካይ	ን+ምንካይ
ክሰርሓ	ክ+ሰር+ሓ
ብምፍፃም	ብም+ፍፃም
ዝተዓብለለ	ዝ+ተዓብ+ለለ
ጉባኤን	ጉባኤ+ን
ምጅማሩ	ም+ጅማሩ
ጋንትኡ	ጋን+ትኡ
ተማሕፂኖም	ተማሕ+ፂኖም
ከምዝጠፍአ	ከምዝ+ጠፍ+አ
ምንባሩ	ምን+ባሩ
ሰይሞምዎ	ሰይ+ሞምዎ
ዝኽሰት	ዝ+ኽሰት
ኣስጊኡ	ኣስ+ጊኡ
ዝዝረቡ	ዝ+ዝ+ረቡ
ደገፍቱ	ደ+ገፍቱ
ንምፍፃም	ንም+ፍፃም
ይትልሙ	ይ+ትል+ሙ
ብምንፅፃር	ብምን+ፅፃር
ግዝኣተይን	ግዝኣ+ተይ+ን
ክሕተት	ክ+ሕተት
ተመዝጊቦም	ተመዝ+ጊቦም
ምርጭኡ	ምር+ጭኡ
መዝገበ	መዝ+ገበ
ትርጉሙ	ትርጉ+ሙ
ከምዝልውጦ	ከምዝ+ልው+ጦ
ምብራቕን	ምብ+ራቕን
ኤምባሲታታ	ኤምባሲ+ታታ
ምንታጉ	ምን+ታጉ
ዝንሳፈፍ	ዝ+ንሳፈፍ
ዝመሓላለፍ	ዝ+መሓላለፍ
ተሸይሞም	ተሸይ+ሞም
ባህልን	ባህ+ልን
ከምዝትጐድአ	ከምዝ+ትጐድ+አ
ተመርኲሳ	ተመር+ኲሳ
ኣንሰሒባ	ኣን+ሰሒባ
ይተርፉ	ይ+ተር+ፉ
ክወርድ	ክ+ወርድ
ንዝኽእል	ን+ዝኽእል
ንምድላው	ንምድ+ላው
ንምርካብን	ንምር+ካብን
ዝሽፍን	ዝ+ሽፍን
ብሊቃውንቲ	ብሊ+ቃውንቲ
ዓመቱ	ዓመ+ቱ
ዘይተራእየ	ዘይ+ተራእ+የ
ክምረፁ	ክ+ም+ረፁ
ብዝብል	ብ+ዝብል
ሓውሲ	ሓው+ሲ
ዝእግድ	ዝ+እግድ
ንዝተጠርጠሩ	ን+ዝተጠር+ጠሩ
ኣመዝጊቡ	ኣመዝ+ጊቡ
ሰጒጉዎም	ሰጒጉ+ዎም
ይድግፉ	ይ+ድግ+ፉ
ኣልምሲ	ኣልም+ሲ
ክሰማምዑ	ክ+ሰማም+ዑ
ጨረታ	ጨረ+ታ
ኣወንጪፉ	ኣወን+ጪፉ
ንመትከላት	ንመትከ+ላት
ገያሾን	ገያ+ሾን
በረራን	በረራ+ን
ትበርር	ት+በርር
ሃለዋታ	ሃለዋ+ታ
ንምኽታም	ንም+ኽታም
ኣካይደን	ኣካይ+ደን
ዝቝጸር	ዝ+ቝጸር
ዘየልዐለት	ዘ+የል+ዐለት
ነጋዶን	ነጋ+ዶን
ሚኒስተራትን	ሚኒስተ+ራትን
ብክስታት	ብክ+ስታት
ጉቦን	ጉቦ+ን
መርመራ	መር+መራ
ተኣስሮም	ተኣስ+ሮም
ኣምሊጡ	ኣም+ሊጡ
ርእሱ	ርእ+ሱ
ዝተጠርጠሩ	ዝ+ተጠር+ጠሩ
ዝተመዝገበ	ዝ+ተመዝ+ገበ
ንምውዳቕ	ንምው+ዳቕ
ብምዕላም	ብም+ዕላም
ንብርክት	ን+ብርክት
እንትኮን	እን+ትኮን
ንምእማን	ን+ምእማን
ብሌያቡ	ብሌ+ያቡ
ንምስኣል	ንምስ+ኣል
እትኸውን	እት+ኸውን
ምእዋጁ	ምእ+ዋጁ
ቦታኦም	ቦታ+ኦም
ክትሳተፍ	ክ+ትሳተፍ
ትካላትን	ትካ+ላትን
ይንኪ	ይ+ንኪ
ከይህሉ	ከይ+ህሉ
ርሒቓ	ር+ሒቓ
ክትወርር	ክ+ትወርር
ዝመሳሰል	ዝ+መሳሰል
ምቁፅፃሮም	ምቁ+ፅፃሮም
ብዓመፅቲ	ብዓ+መፅቲ
ዝተትሓዘት	ዝ+ተት+ሓዘት
እንግሊዝን	እንግሊዝ+ን
ክዓልው	ክ+ዓልው
ንዝበልዎም	ን+ዝበል+ዎም
ምዕዳሞም	ም+ዕዳሞም
ንዝበዝሑ	ን+ዝ+በዝሑ
ክምለሱ	ክ+ም+ለሱ
ትጓዓዝ	ት+ጓዓዝ
ምቅፃልን	ምቅ+ፃልን
ርእሲን	ርእሲ+ን
ዝዝውር	ዝ+ዝውር
ዝዕቀን	ዝ+ዕቀን
ኣውፂኦም	ኣው+ፂኦም
ተዘርጊሑ	ተዘር+ጊሑ
ክተንሰሕብ	ክ+ተንሰሕብ
ዝተቐልዐን	ዝ+ተቐል+ዐን
ድምፂን	ድም+ፂን
ህይወቱ	ህይወ+ቱ
ቃልሲ	ቃል+ሲ
ኣካይዱ	ኣካይ+ዱ
ንዘስዕቦ	ን+ዘስዕ+ቦ
ተርታ	ተር+ታ
መዝጊቡ	መዝ+ጊቡ
ንምምስራት	ንምምስ+ራት
ተቓወምትን	ተቓ+ወምትን
መንዚዖም	መን+ዚዖም
ግብፅን	ግብ+ፅን
ክፀንሑ	ክ+ፀን+ሑ
ይግበአኒ	ይ+ግ+በአኒ
ደሴታትን	ደሴ+ታትን
ኣየርን	ኣየር+ን
ወጥሪ	ወጥ+ሪ
ኣፍሊጠን	ኣፍ+ሊጠን
ዝመጽእ	ዝ+መጽእ
ትድግፍ	ት+ድግፍ
ንምፍታሕ	ንምፍ+ታሕ
ዝንቀሳቐሱ	ዝ+ን+ቀሳቐሱ
ዝተፀንዐን	ዝ+ተፀን+ዐን
ዝተዘርግሐን	ዝ+ተዘርግ+ሐን
ልኡልን	ልኡል+ን
ክወልዱ	ክ+ወል+ዱ
ስዒሩዎ	ስ+ዒሩዎ
ጉስጥን	ጉስ+ጥን
ኣብቂዑዎ	ኣብ+ቂዑዎ
ንዝሽሙዎም	ን+ዝሽ+ሙዎም
ንምዝታይ	ንምዝ+ታይ
ይፍጽም	ይ+ፍጽም
ተለልዩ	ተለል+ዩ
ክትከሶም	ክ+ት+ከሶም
ማዕቢሉ	ማዕ+ቢሉ
ብምጭብርባር	ብምጭብር+ባር
ትኽእለሉ	ት+ኽእ+ለሉ
ክርከብ	ክ+ርከብ
ገይሩን	ገይሩ+ን
ማዝያ	ማዝ+ያ
ንዝጠፍአ	ን+ዝጠፍ+አ
ተሓምሺሻ	ተሓም+ሺሻ
ዝምዕብል	ዝ+ምዕብል
ይግምት	ይ+ግምት
ከይጥቀሙ	ከይ+ጥ+ቀሙ
ኣንቢሮም	ኣን+ቢሮም
ንተዋጋእቲ	ንተዋጋ+እቲ
ንዝርከባ	ን+ዝር+ከባ
ፀብፂባ	ፀብ+ፂባ
ክኣቱ	ክ+ኣቱ
ከምዘበልዎ	ከም+ዘበል+ዎ
ዝቕጽለሉ	ዝ+ቕጽ+ለሉ
ዘርጊሑ	ዘር+ጊሑ
ተስዒሮም	ተስ+ዒሮም
ከካይድ	ከካይ+ድ
ንተጻወትቲ	ንተጻ+ወትቲ
ኣርየን	ኣር+የን
ብምቕዳም	ብም+ቕዳም
ነፈርቱ	ነ+ፈርቱ
ምስኣኑ	ም+ስ+ኣኑ
ክንክይ	ክ+ንክይ
ክእሰሩ	ክ+እ+ሰሩ
ሽሙ	ሽ+ሙ
ክስርዓ	ክ+ስር+ዓ
ንነፈርቲ	ንነ+ፈርቲ
ምልዓልን	ምል+ዓልን
ምዕላብን	ምዕ+ላብን
ይለማምዱ	ይ+ለማም+ዱ
ብምዕዋት	ብምዕ+ዋት
ውሉዶም	ውሉ+ዶም
ክንኪ	ክ+ንኪ
ሸውሃቶም	ሸውሃ+ቶም
ዝጐድል	ዝ+ጐድል
ዝወቅዕ	ዝ+ወቅዕ
ምእሳራ	ምእ+ሳራ
ቍጽረን	ቍጽ+ረን
ይኸይድ	ይ+ኸይድ
ሕክምናን	ሕክምና+ን
ጥሒሉ	ጥ+ሒሉ
ምሕላፋ	ምሕ+ላፋ
ከምዝተትሓዘት	ከምዝ+ተት+ሓዘት
ክልዕል	ክ+ልዕል
ምፍፃሙ	ም+ፍፃሙ
ስፍራ	ስፍ+ራ
ወጠንትን	ወ+ጠንትን
ከንቲባን	ከንቲባ+ን
ቤቶምን	ቤ+ቶም+ን
ከተማኣ	ከተማ+ኣ
ንምሻም	ንም+ሻም
ባህሊን	ባህሊ+ን
ዝወስዶም	ዝ+ወስ+ዶም
ትምህርትን	ትምህር+ትን
ረድኤትን	ረድኤት+ን
ዕዮን	ዕዮ+ን
ንስደተኛታት	ንስደተኛ+ታት
ኣወንዚፉ	ኣወን+ዚፉ
ዝተውሃበ	ዝ+ተው+ሃበ
ጥርዓኑ	ጥርዓ+ኑ
ብምብላፅ	ብ+ምብላፅ
ተደርዒሙ	ተደር+ዒሙ
ምህርቱ	ምህር+ቱ
ብዝሸይጥ	ብ+ዝሸይጥ
ክዝርግሕ	ክ+ዝርግሕ
ይድግፍ	ይ+ድግፍ
ክፈርስ	ክ+ፈርስ
ክፍለም	ክ+ፍለም
ኣትሒዛ	ኣት+ሒዛ
ክትልእኽ	ክ+ትልእኽ
ብምውሳድ	ብምው+ሳድ
ክድግፋ	ክ+ድግ+ፋ
ዝኽእላ	ዝ+ኽእ+ላ
ንምዃን	ን+ምዃን
ምማቶም	ም+ማቶም
ዝቐርቡ	ዝ+ቐር+ቡ
ዝላሓኹ	ዝ+ላሓኹ
ከምዘይጎድእ	ከምዘይ+ጎድእ
ደይቡ	ደይ+ቡ
ተጸብጺቡ	ተጸብ+ጺቡ
ምዕላቡ	ምዕ+ላቡ
ከምዝዓቢ	ከምዝ+ዓቢ
ኣድማስ	ኣድማ+ስ
ንዘይነውሕ	ንዘይ+ነውሕ
ንምልኣኽ	ንምል+ኣኽ
ብምቕራብ	ብ+ምቕራብ
ንኽትከል	ንኽ+ትከል
ዝእውጅ	ዝ+እውጅ
ድንሽን	ድንሽ+ን
ንምፍራይ	ንምፍ+ራይ
ኣፍቂዱ	ኣፍ+ቂዱ
ዝተጉዓዘት	ዝ+ተጉ+ዓዘት
ፍርሂ	ፍር+ሂ
ከምዝጽዕር	ከምዝ+ጽዕር
ዝብፃሕ	ዝ+ብፃሕ
ብግልፅን	ብግል+ፅን
ብዘየማትእ	ብ+ዘየማትእ
መንገድን	መንገ+ድን
ብምግሳስ	ብምግ+ሳስ
ዝተጠርጠረ	ዝ+ተጠር+ጠረ
ሓላፍነቶም	ሓላፍነ+ቶም
ክወርዱ	ክ+ወር+ዱ
ክቕድም	ክ+ቕድም
ተራእዩ	ተራእ+ዩ
ዘይፈልጥ	ዘይ+ፈልጥ
ትገልጽ	ት+ገልጽ
ይቕጽል	ይ+ቕጽል
ዘይተለልዩ	ዘይ+ተለል+ዩ
ይዝርግሕ	ይ+ዝርግሕ
ዝተመርጸ	ዝ+ተመር+ጸ
ስርሑ	ስ+ርሑ
ንምጅማር	ንም+ጅማር
ክፍልም	ክ+ፍልም
ዝተትሓዙ	ዝ+ተት+ሓዙ
ሕልፈቱ	ሕልፈ+ቱ
ዝቐርበሉ	ዝ+ቐር+በሉ
ቅርስታታ	ቅር+ስታታ
ዝሰትዩ	ዝ+ሰት+ዩ
ይሕከሙ	ይ+ሕ+ከሙ
ዝእንፍት	ዝ+እንፍት
ብምንቅጥቃጥ	ብምንቅጥ+ቃጥ
ዘይውሕዱ	ዘይ+ውሕ+ዱ
ክቕበል	ክ+ቕበል
ኮርስ	ኮር+ስ
ብምምዝጋብ	ብምምዝ+ጋብ
ንኣሸበርቲ	ንኣሸ+በርቲ
ዝፈቅድ	ዝ+ፈቅድ
ንምኳኖም	ን+ም+ኳኖም
ዕፉንን	ዕፉን+ን
ዝውስኽ	ዝ+ውስኽ
ፈሊጦም	ፈሊ+ጦም
ንምፍርራሕ	ንምፍር+ራሕ
ብህፁፅ	ብህ+ፁፅ
ንምንባር	ን+ምንባር
ዝውንጨፈሉ	ዝ+ውን+ጨፈሉ
ከምዘፍረሶ	ከም+ዘፍ+ረሶ
ክተሰናድእ	ክ+ተሰናድእ
እትዕድግ	እት+ዕድግ
ንምሕካም	ንም+ሕካም
ምስመልአን	ምስ+መል+አን
ክጅምራ	ክ+ጅም+ራ
ከምዝግባእ	ከምዝ+ግባእ
ክቕንሳ	ክ+ቕን+ሳ
ጋንታኡ	ጋንታ+ኡ
ክነብረሎም	ክ+ነብ+ረሎም
ዘይኽእሉ	ዘይ+ኽእ+ሉ
ንምስታፍ	ንምስ+ታፍ
ዝፀንሑ	ዝ+ፀን+ሑ
ወከልትን	ወ+ከልትን
ሓዳርን	ሓዳር+ን
ንደቆምን	ንደ+ቆም+ን
ንዘውፀኦ	ን+ዘው+ፀኦ
ንዝተልዓለ	ን+ዝተል+ዓለ
ንምህዳእ	ንምህ+ዳእ
ፋብሪካኡ	ፋብሪካ+ኡ
ንዝፍጠር	ን+ዝፍጠር
ንምምሃር	ንም+ምሃር
መልሚላ	መል+ሚላ
ብወነንቲ	ብወ+ነንቲ
ዝቕይድ	ዝ+ቕይድ
ኣንቢራ	ኣን+ቢራ
ዝሰግሩ	ዝ+ሰግ+ሩ
ክትኽልክል	ክ+ትኽልክል
ዘይትኽእል	ዘይ+ትኽእል
ክውንዘፍ	ክ+ውንዘፍ
ተጣበቕቲን	ተጣ+በቕቲን
ደገፍቲን	ደ+ገፍቲን
ከልኪሎም	ከል+ኪሎም
ዝተመልሰ	ዝ+ተመል+ሰ
ከየምርሑ	ከ+የምር+ሑ
ለበድኡ	ለበ+ድኡ
ዝቕጽል	ዝ+ቕጽል
ከይኣትው	ከይ+ኣትው
ዝውሰድ	ዝ+ውሰድ
ንዘመላልሰሉ	ን+ዘመላል+ሰሉ
ምቁፅፃርን	ምቁ+ፅፃርን
ምክልኻልን	ምክል+ኻልን
ዝተሓላለፍ	ዝ+ተሓላለፍ
ከይኸውን	ከይ+ኸውን
ንምፍላይ	ንምፍ+ላይ
የመንን	የመን+ን
ዝርከበሉ	ዝ+ር+ከበሉ
አንፊቱ	አን+ፊቱ
ንምዝካር	ንምዝ+ካር
ዝተፀምበለ	ዝ+ተፀም+በለ
ዝኣተውሉ	ዝ+ኣተው+ሉ
ምልከታ	ምልከ+ታ
ዝተመልአን	ዝ+ተመል+አን
ሃገርን	ሃገር+ን
ደራሲኣ	ደራሲ+ኣ
ኣባላ	ኣባ+ላ
ክእለ	ክ+እለ
ቍጽጽርን	ቍጽጽር+ን
ውሕጅን	ውሕጅ+ን
ህንፃን	ህን+ፃን
ብዝተውሃበ	ብ+ዝተው+ሃበ
ህዝብን	ህዝ+ብን
ዝዓብለለ	ዝ+ዓብ+ለለ
ኣባዲና	ኣባዲ+ና
ብምጥቃስ	ብምጥ+ቃስ
ሓደግኡ	ሓደ+ግኡ
ክጸሉ	ክ+ጸሉ
ማእከላይን	ማእከላይ+ን
ኣርማ	ኣር+ማ
ዝሸይጥ	ዝ+ሸይጥ
ዝተቓልዑ	ዝ+ተቓል+ዑ
ውጥነን	ውጥ+ነን
ክኣምን	ክ+ኣምን
ብወኪላት	ብወኪ+ላት
ክቐትሉ	ክ+ቐት+ሉ
ስለዝደልዩ	ስለዝ+ደል+ዩ
ከምዝደልዩ	ከምዝ+ደል+ዩ
ተነጽገ	ተነጽ+ገ
ኣይፍቀደሎምን	ኣይ+ፍ+ቀደሎምን
ዝሰፍር	ዝ+ሰፍር
ክህሉ	ክ+ህሉ
ንምብርባር	ንምብር+ባር
የካይድ	የካይ+ድ
ዝተደርበየ	ዝ+ተደር+በየ
ከምዝተጎድኡ	ከምዝ+ተጎድ+ኡ
ኣለሻን	ኣለሻ+ን
ምድሓንን	ምድ+ሓንን
ተዓጽያ	ተዓጽ+ያ
ምርግጋፁ	ምርግ+ጋፁ
ከምዘቕርብ	ከም+ዘቕርብ
ዝምልከት	ዝ+ምልከት
ንምስምማዕ	ንምስም+ማዕ
ክእገድ	ክ+እገድ
ብፆቱ	ብ+ፆቱ
ዘይዕረቕ	ዘይ+ዕረቕ
ንምፍታሕን	ንምፍ+ታሕን
ደቃቶም	ደ+ቃቶም
ክትኮሳ	ክ+ት+ኮሳ
ክጅመር	ክ+ጅመር
ዝተመዝገቡ	ዝ+ተመዝ+ገቡ
ከምዝቕፅል	ከምዝ+ቕፅል
ኣገልግሎቱ	ኣገልግሎ+ቱ
ብምብታኽ	ብ+ምብታኽ
ዓሚፆምዋ	ዓሚፆም+ዋ
ኣልዒላ	ኣል+ዒላ
ሰሜንን	ሰሜን+ን
ይራኸብ	ይ+ራኸብ
ንምዕዳግ	ንምዕ+ዳግ
ዓሶን	ዓሶ+ን
ብምንካስ	ብምን+ካስ
ከምዘብቅዐ	ከም+ዘብቅ+ዐ
ክትህበሉ	ክ+ትህ+በሉ
ዝተቐትለ	ዝ+ተቐት+ለ
ልደቱ	ልደ+ቱ
ዝተወግኡ	ዝ+ተወግ+ኡ
ጓላ	ጓ+ላ
ብምምርማር	ብምምር+ማር
ንዝኽእሉ	ን+ዝኽእ+ሉ
ክኽሕስ	ክ+ኽሕስ
ንተጠቀምቲ	ንተጠ+ቀምቲ
ሰፈራ	ሰፈ+ራ
ንምህናፅ	ን+ምህናፅ
ብምውንጫፍ	ብምውን+ጫፍ
ዝፈጥር	ዝ+ፈጥር
ዝተብሃለን	ዝ+ተብ+ሃለን
ክትውስኽ	ክ+ትውስኽ
ጂንን	ጂን+ን
ትዋሰን	ት+ዋሰን
ወታደራታ	ወ+ታደራታ
ክተወፍር	ክ+ተወፍር
ክህቡ	ክ+ህ+ቡ
ዝስራሕ	ዝ+ስራሕ
ምክያዶም	ምክ+ያዶም
ነባርን	ነባር+ን
ብምእጋድ	ብምእ+ጋድ
ትሕዝቶኦም	ትሕዝቶ+ኦም
ዝተስዓረ	ዝ+ተስ+ዓረ
ኣይተርፍን	ኣይ+ተርፍ+ን
ንዝብል	ን+ዝብል
ብዝኸፈትዎ	ብ+ዝኸፈት+ዎ
ጨናፍሮም	ጨ+ናፍሮም
ፀብፂቦም	ፀብ+ፂቦም
ምእዋጆም	ምእ+ዋጆም
ፓርቲን	ፓርቲ+ን
ክግበር	ክ+ግበር
እትመጽእ	እት+መጽእ
ዝዓቢ	ዝ+ዓቢ
ፖለቲካን	ፖለቲካ+ን
ዝንቀሳቐሳ	ዝ+ን+ቀሳቐሳ
ብምፍራይ	ብምፍ+ራይ
ክገላገል	ክ+ገላገል
ጳጳሳትን	ጳጳ+ሳትን
መዝጊቡወን	መዝ+ጊቡወን
መንሽሮን	መንሽሮ+ን
ክህልዎ	ክ+ህል+ዎ
ይዝርግሓ	ይ+ዝርግ+ሓ
ወዶም	ወ+ዶም
ዕጻ	ዕ+ጻ
ንዝብሉ	ን+ዝብ+ሉ
ተኻይዱ	ተኻይ+ዱ
ከምዝርከብ	ከምዝ+ርከብ
ትሕዞ	ት+ሕ+ዞ
ከምዝድይብ	ከምዝ+ድይብ
ንምጥፋእ	ንምጥ+ፋእ
ብዘርኣየቶ	ብ+ዘር+ኣየቶ
ከምዝዓልብ	ከምዝ+ዓልብ
ዝናብን	ዝናብ+ን
ንፋስን	ንፋስ+ን
ከምዘጋጥመን	ከም+ዘጋጥ+መን
ሸራተን	ሸ+ራተን
ንረጎድቲ	ንረ+ጎድቲ
ቀጠንቲን	ቀ+ጠንቲን
ዝወልዐ	ዝ+ወል+ዐ
ተወርየ	ተወር+የ
ብሓርገፅ	ብሓርገ+ፅ
ውግእን	ውግእ+ን
ከምዘንበሩ	ከም+ዘን+በሩ
ስትዮ	ስ+ትዮ
ደንቢ	ደን+ቢ
ባሉንስ	ባሉን+ስ
ንዝሓዞ	ን+ዝ+ሓዞ
ፊልምን	ፊልም+ን
ንምብራር	ንምብ+ራር
ክጅምር	ክ+ጅምር
ከምዝውለዱ	ከምዝ+ው+ለዱ
ንጽዋዕ	ን+ጽዋዕ
ብምጥቃምን	ብም+ጥቃምን
ብግዕዝይናን	ብግዕዝይና+ን
ዝሰምዕ	ዝ+ሰምዕ
ጌርካ	ጌር+ካ
ክትጥቀመሉ	ክ+ትጥ+ቀመሉ
ክፍቀድ	ክ+ፍቀድ
ተሌፎናቱ	ተሌፎ+ናቱ
ፍጥነቶም	ፍጥነ+ቶም
ምእማኑ	ም+እማኑ
መልስን	መል+ስን
ክስታትን	ክ+ስታትን
ሰብኣይን	ሰብኣይ+ን
ንኸይወሃብ	ንኸይ+ወሃብ
ምርታዓ	ምር+ታዓ
ኣምሐራ	ኣም+ሐራ
ኣመንቲን	ኣ+መንቲን
ብምውጋእ	ብምው+ጋእ
ይገብር	ይ+ገብር
ክነጻጸር	ክ+ነጻጸር
ተኸልኪሉ	ተኸል+ኪሉ
ሕታሙ	ሕታ+ሙ
ዝፍፅም	ዝ+ፍፅም
ንዘገልገሉ	ን+ዘገል+ገሉ
ክመልስ	ክ+መልስ
ኣውዲቖምዎ	ኣው+ዲቖምዎ
ተቓውሞኦም	ተቓውሞ+ኦም
ንምግላጽ	ንምግ+ላጽ
ድልየታ	ድልየ+ታ
ከምዘጥቅዑ	ከም+ዘጥቅ+ዑ
ጉያና	ጉያ+ና
ንኸይከውን	ንኸይ+ከውን
ምጥቃሙ	ም+ጥቃሙ
ንምቋም	ንም+ቋም
ዓወቱ	ዓወ+ቱ
ንምፅምባል	ንም+ፅምባል
ተቓውሞን	ተቓውሞ+ን
ቅልውላውን	ቅልውላው+ን
ከምዘይቕፅል	ከምዘይ+ቕፅል
ብምትላም	ብም+ትላም
ኣስመራ	ኣስ+መራ
ዘይተሰማምዑ	ዘይ+ተሰማም+ዑ
ኣድሒኖም	ኣድ+ሒኖም
ርእሰን	ርእ+ሰን
እናሳዕሰዓ	እና+ሳዕ+ሰዓ
ዘርጊሐን	ዘር+ጊሐን
ክትወፅእ	ክ+ትወፅእ
ክተካይድ	ክ+ተካይድ
ንምዕሳልን	ንምዕ+ሳልን
ንምጥፋእን	ንምጥ+ፋእን
ኣስትሮ	ኣስት+ሮ
ክኽሰት	ክ+ኽሰት
ተሓባበርቶምን	ተሓባ+በርቶም+ን
ንዝተጎድኡ	ን+ዝተጎድ+ኡ
ገባራትን	ገባ+ራትን
እንስሳን	እንስሳ+ን
ከምዝገብር	ከምዝ+ገብር
ዝበጽሕ	ዝ+በጽሕ
ክዝውተር	ክ+ዝውተር
ኣይክእልን	ኣይ+ክእል+ን
ኣወንጪፋ	ኣወን+ጪፋ
ብዝመዝገበቶ	ብ+ዝ+መዝገበቶ
ንምውፃእ	ንምው+ፃእ
ንሱን	ንሱ+ን
ኩባንያን	ኩባንያ+ን
ኣጥቂዑ	ኣጥ+ቂዑ
ንኻልኦት	ንኻል+ኦት
ከምዝግበረሎም	ከምዝ+ግ+በረሎም
ይግበረሉ	ይ+ግ+በረሉ
ዝርከቡሉ	ዝ+ር+ከቡሉ
ደብዳብን	ደብዳብ+ን
ኣመሓይሹዎ	ኣመሓይ+ሹዎ
ኣደን	ኣደ+ን
ህጻንን	ህጻን+ን
ዝጠንሳ	ዝ+ጠን+ሳ
ክጽበያ	ክ+ጽ+በያ
ይወሃብ	ይ+ወሃብ
ኣወንዚፋቶ	ኣወን+ዚፋቶ
ትርከብ	ት+ርከብ
ከምዝጅመር	ከምዝ+ጅመር
እትኽእል	እት+ኽእል
ባሕሪን	ባሕሪ+ን
ብንፁር	ብን+ፁር
ንምምካር	ንም+ምካር
ከምዝግበር	ከምዝ+ግበር
ክስልሉ	ክ+ስል+ሉ
ዓንዮም	ዓን+ዮም
ዝተባህላ	ዝ+ተባህ+ላ
ዝሕገዙ	ዝ+ሕ+ገዙ
ንምምንጣል	ንምምን+ጣል
ዝሳተፍ	ዝ+ሳተፍ
ብምስዳር	ብምስ+ዳር
ምምሕዳራ	ምምሕ+ዳራ
እዛ	እ+ዛ
ክለብ	ክ+ለብ
ትሕዝቶን	ትሕዝቶ+ን
ሓበሬታን	ሓበሬታ+ን
ምብያኑ	ምብ+ያኑ
ዝተጎድኡ	ዝ+ተጎድ+ኡ
ንምብፃሕ	ንምብ+ፃሕ
ጀርመንን	ጀር+መን+ን
ኣፈላላዮም	ኣፈላላ+ዮም
ብምዕራይ	ብምዕ+ራይ
ንኽነብሩ	ንኽ+ነብ+ሩ
እትፅዋዕ	እት+ፅዋዕ
ክትከፍል	ክ+ትከፍል
ፅምብልን	ፅምብል+ን
ምርኢትን	ምርኢት+ን
ክትግበር	ክ+ትግበር
ንምውህሃድ	ንምውህ+ሃድ
ንምምዳብ	ንም+ምዳብ
ብረቱ	ብረ+ቱ
ክሕሰብ	ክ+ሕሰብ
ኣገንዚቦም	ኣገን+ዚቦም
ተዓጽየን	ተዓጽ+የን
ጎንፀን	ጎን+ፀን
ዘየብፅሕ	ዘ+የብፅሕ
ኢትዮጵያን	ኢትዮጵያ+ን
ኤርትራን	ኤርትራ+ን
ንኽህሉ	ንኽ+ህሉ
ብዝገበርዎ	ብ+ዝገበር+ዎ
ጸወታኡ	ጸወታ+ኡ
ብዚብል	ብ+ዚብል
ምስዓሩ	ም+ስ+ዓሩ
ገይርኩም	ገይር+ኩም
ንምዕራፍ	ንምዕ+ራፍ
ትፍተነሉ	ት+ፍ+ተነሉ
ዝድግፉ	ዝ+ድግ+ፉ
እትንኪ	እ+ትንኪ
ክበሃል	ክ+በሃል
ንኽትተሓዝ	ንኽ+ትተሓዝ
ዝተላዕለ	ዝ+ተላዕ+ለ
ከምዘይኸፍቶም	ከምዘይ+ኸፍ+ቶም
ዝጥምት	ዝ+ጥምት
ክትሰርሕ	ክ+ትሰርሕ
ሸይማ	ሸይ+ማ
ዝሕምበብ	ዝ+ሕምበብ
ከምዝተመዝገበን	ከምዝ+ተመዝ+ገበን
ከምዘስዓበን	ከም+ዘስ+ዓበን
ምግባራ	ምግ+ባራ
ዝምረሓ	ዝ+ም+ረሓ
ብምውጻእ	ብምው+ጻእ
ሰበይቱ	ሰበይ+ቱ
ዝቕርበሉ	ዝ+ቕር+በሉ
ንኣይሁዳውያን	ንኣይሁ+ዳውያን
እንተልዐሎ	እንተ+ል+ዐሎ
ተፀምቢሉ	ተፀም+ቢሉ
ውዒሉ	ው+ዒሉ
ዝምለሱ	ዝ+ም+ለሱ
ዝሕግዞም	ዝ+ሕግ+ዞም
ብምግላጽ	ብምግ+ላጽ
ንምምካት	ንም+ምካት
ሓገዝን	ሓገዝ+ን
ልኢኹ	ል+ኢኹ
ዝፀንሕ	ዝ+ፀንሕ
ተዓጽዩ	ተዓጽ+ዩ
ፋብሪካኣ	ፋብሪካ+ኣ
ከምዘካይድ	ከም+ዘካይድ
ባሕሪኦም	ባሕሪ+ኦም
ዝግበረሉ	ዝ+ግ+በረሉ
መዝጊባ	መዝ+ጊባ
ዝስኣነ	ዝ+ስ+ኣነ
ደምን	ደም+ን
ዝሳቐ	ዝ+ሳቐ
ዕድምኡ	ዕድ+ምኡ
ዝቐንዐ	ዝ+ቐን+ዐ
መንነቶም	መንነ+ቶም
ንምሻጥን	ንምሻጥ+ን
ንምውዳድን	ንምው+ዳድን
ሰርሲሩ	ሰር+ሲሩ
ህንድን	ህን+ድን
ደግሲ	ደግ+ሲ
ክልሕልሕ	ክ+ልሕልሕ
ኣሰልጠንትን	ኣሰል+ጠንትን
ሰራሕተኛታትን	ሰራሕተኛ+ታትን
ምዕራፉ	ምዕ+ራፉ
ናህሩ	ናህ+ሩ
ክጓዓዝ	ክ+ጓዓዝ
ዝመዝገበት	ዝ+መዝ+ገበት
ንፅዋዕ	ን+ፅዋዕ
ስለዝስዓረ	ስለዝ+ስ+ዓረ
ንምንዛሕ	ን+ምንዛሕ
ከምዝጥቀመሎም	ከምዝ+ጥ+ቀመሎም
ክትሕተተሉ	ክ+ት+ሕተተሉ
ከምዝመስረተት	ከምዝ+መስ+ረተት
እትፅዕን	እት+ፅዕን
ከምዝተትሓዘ	ከምዝ+ተት+ሓዘ
ከምዘካይዱ	ከም+ዘካይ+ዱ
ሃሪስ	ሃሪ+ስ
ደስታኡ	ደስታ+ኡ
ኣጠቓቕማን	ኣጠቓቕማ+ን
ብጻዩ	ብጻ+ዩ
ክራኸብ	ክ+ራኸብ
ዝሕሉ	ዝ+ሕሉ
ዝተሓስበ	ዝ+ተሓስ+በ
ክፍጸም	ክ+ፍጸም
ፍልስጤምን	ፍልስጤም+ን
ጉዕዞኣ	ጉዕዞ+ኣ
ኣንቢረናላ	ኣን+ቢረናላ
ንምእሳር	ንምእ+ሳር
ክትዓርፍ	ክ+ትዓርፍ
ክገልሱ	ክ+ገል+ሱ
ትኹን	ት+ኹን
ኣመዝጊባ	ኣመዝ+ጊባ
ክታበትን	ክታበት+ን
ውሕስነትን	ውሕስነት+ን
ክቡ	ክ+ቡ
ንዝገብር	ን+ዝገብር
ክኽፈል	ክ+ኽፈል
ክሕተም	ክ+ሕተም
ደሙ	ደ+ሙ
ንምጭብርባርን	ንምጭብር+ባርን
እናተመርመረ	እና+ተመር+መረ
ሕልማ	ሕል+ማ
እናሰርሐት	እና+ሰር+ሐት
ክጽብጽቡ	ክ+ጽብጽ+ቡ
ክትመርሕ	ክ+ትመርሕ
ብሓሙስ	ብሓሙ+ስ
ክትትክእ	ክ+ትትክእ
ሽልማትን	ሽልማት+ን
ክብሪን	ክብሪ+ን
ይፍለጥ	ይ+ፍለጥ
ብሩርን	ብሩር+ን
ምምዕባሉ	ምምዕ+ባሉ
ዓዲን	ዓዲ+ን
ወፃኢን	ወ+ፃኢን
ኣዲስ	ኣ+ዲስ
ከተማታትን	ከተማ+ታትን
ዕጥቂን	ዕጥቂ+ን
ንዋታትን	ንዋ+ታትን
ብምፍታሕ	ብምፍ+ታሕ
ዱባይ	ዱባ+ይ
ኣነስትዮ	ኣነስት+ዮ
ዑደቱ	ዑደ+ቱ
መንእሰይን	መንእሰይ+ን
ፍቕረኝኡን	ፍቕረ+ኝኡ+ን
ብዝመስል	ብ+ዝመስል
ምስኣሰርዎም	ምስ+ኣሰር+ዎም
ከይዶም	ከይ+ዶም
ምምዓዶም	ም+ም+ዓዶም
ዝገልፅ	ዝ+ገልፅ
ክጠፍኡ	ክ+ጠፍ+ኡ
ክሃድእ	ክ+ሃድእ
ዝትርኽ	ዝ+ትርኽ
መስፍንን	መስፍን+ን
ኣቦኦም	ኣቦ+ኦም
ጐጃምን	ጐጃም+ን
ክሕደትን	ክሕደት+ን
ብምውሳን	ብምው+ሳን
ክፍጠር	ክ+ፍጠር
ምጥርጣሩ	ምጥር+ጣሩ
ሰኣሊን	ሰኣሊ+ን
እናውሓዙ	እና+ው+ሓዙ
ባዕሉ	ባዕ+ሉ
ንምፅናዕ	ን+ምፅናዕ
ንምምልካትን	ንምምል+ካትን
ይሰርሕ	ይ+ሰርሕ
ዝተዋግኡ	ዝ+ተዋግ+ኡ
ምውፋሮም	ምው+ፋሮም
ስራሕቱ	ስራሕ+ቱ
ፀኒሖም	ፀኒ+ሖም
ከምዝተዘርግሑ	ከምዝ+ተዘርግ+ሑ
ዝተሰናድአ	ዝ+ተሰናድ+አ
ጎይትኦምን	ጎይ+ትኦም+ን
በርሀን	በር+ሀን
ክቐርቡ	ክ+ቐር+ቡ
ዝምለኸሉ	ዝ+ም+ለኸሉ
ዝዝንቱ	ዝ+ዝንቱ
ስድርኡ	ስድ+ርኡ
ኣድነቕቱ	ኣድ+ነቕቱ
ከተማን	ከተማ+ን
ዝተዋስአት	ዝ+ተዋስ+አት
ወኪላ	ወኪ+ላ
ብምውሳእ	ብምው+ሳእ
ትዝከር	ት+ዝከር
ዘይፍለጥ	ዘይ+ፍለጥ
ስራሕቶም	ስራሕ+ቶም
ድልየቶም	ድልየ+ቶም
ይሰማምዑ	ይ+ሰማም+ዑ
ኒሕን	ኒሕ+ን
ሓቦን	ሓቦ+ን
ቅድሚኦም	ቅድሚ+ኦም
ኩለን	ኩ+ለን
ወለድን	ወ+ለድን
ንደቖም	ን+ደቖም
ምምፅኡ	ም+ምፅኡ
ቀዳምን	ቀዳም+ን
ሰንበትን	ሰንበት+ን
ግዜኦም	ግዜ+ኦም
ዝማዕረገት	ዝ+ማዕ+ረገት
ዘይተቐልዑ	ዘይ+ተቐል+ዑ
ዝግባኣ	ዝ+ግ+ባኣ
ዝነብረላ	ዝ+ነብ+ረላ
ክርእዩ	ክ+ርእ+ዩ
ክምዝገብ	ክ+ምዝገብ
ምውሳኹ	ምው+ሳኹ
ኣታዊኦም	ኣታዊ+ኦም
ጥበበኛን	ጥበበኛ+ን
ሕትመትን	ሕትመት+ን
ባዕላ	ባዕ+ላ
ጥበብን	ጥበብ+ን
ስልጣንን	ስልጣን+ን
ብዘየገድስ	ብ+ዘየገድስ
ርሑቕን	ርሑቕ+ን
ንወረርቲ	ንወ+ረርቲ
ከምዝደምሰሱ	ከምዝ+ደም+ሰሱ
ብምሕጋዝ	ብምሕ+ጋዝ
ብምሕብሓብን	ብምሕብ+ሓብን
ብምሃብን	ብ+ምሃብን
ይግባእ	ይ+ግባእ
ከምዝበልዎ	ከምዝ+በል+ዎ
ምርዋይን	ምር+ዋይን
ምስፋንን	ምስ+ፋንን
መሪሕነቶም	መሪሕነ+ቶም
ገዳ	ገ+ዳ
ማሕበረ	ማሕ+በረ
ምሕታቱ	ምሕ+ታቱ
ኣምሓራ	ኣም+ሓራ
ህዝብታትን	ህዝ+ብታትን
ዝቕፅል	ዝ+ቕፅል
ምፍጣሩ	ምፍ+ጣሩ
ምውሳኑ	ምው+ሳኑ
ፍትሓዊን	ፍትሓዊ+ን
ገዱ	ገ+ዱ
ከምዘብርሀ	ከም+ዘብር+ሀ
ምሕዝነትን	ምሕዝነት+ን
መንግስቶም	መንግስ+ቶም
ምግላፆም	ምግ+ላፆም
ዝዝከር	ዝ+ዝከር
ምርምርን	ምርምር+ን
መጽናዕቲን	መጽናዕቲ+ን
ክሰርሕ	ክ+ሰርሕ
ዝጸንሐ	ዝ+ጸን+ሐ
ክህቦ	ክ+ህ+ቦ
ግዕዝይናን	ግዕዝይና+ን
ክህብ	ክ+ህብ
መንግስቲን	መንግስቲ+ን
ክጠናኸር	ክ+ጠናኸር
ከምዝምስረት	ከምዝ+ምስረት
ብሃገራዊን	ብሃገራዊ+ን
ንዝህሉ	ን+ዝህሉ
ምትእስሳርን	ምትእስሳር+ን
ዝስተ	ዝ+ስተ
ንምስላጥ	ንምስ+ላጥ
ምምሕዳርን	ምምሕ+ዳርን
ህዝቢን	ህዝቢ+ን
ንምፍጣር	ንምፍ+ጣር
ክነጥፍ	ክ+ነጥፍ
ምቁፅፃሩ	ምቁ+ፅፃሩ
ዝሞትሉ	ዝ+ሞት+ሉ
ምምዝባልን	ምምዝ+ባልን
ንብረትን	ንብረት+ን
መስከረምን	መስከረም+ን
ትልሚን	ትልሚ+ን
ንዘይተርፍ	ንዘይ+ተርፍ
እንኻዕ	እ+ንኻዕ
ዝተልኣኸ	ዝ+ተል+ኣኸ
ባርካን	ባር+ካ+ን
ኣምሓራን	ኣምሓራ+ን
ብርቱዕን	ብርቱዕ+ን
ዝምዝገብ	ዝ+ምዝገብ
ክወቅዕ	ክ+ወቅዕ
ከምዝወቅዕ	ከምዝ+ወቅዕ
ዘይብል	ዘይ+ብል
ንዲፕሎማሲ	ንዲፕሎማ+ሲ
ስለዝሕግዝ	ስለዝ+ሕግዝ
ዱርን	ዱር+ን
ዝነጥፉ	ዝ+ነጥ+ፉ
ኣማኸርቲን	ኣማ+ኸርቲን
ውዳበታትን	ውዳበ+ታትን
ክጥመሩ	ክ+ጥ+መሩ
ዝሰርሑ	ዝ+ሰር+ሑ
ምስዝጥመሩ	ምስዝ+ጥ+መሩ
እዞም	እ+ዞም
ክሰርሑ	ክ+ሰር+ሑ
ንምሕባር	ንምሕ+ባር
ንምንካይን	ን+ምንካይን
ክኹዕት	ክ+ኹዕት
ወርቂን	ወርቂ+ን
ብምህናፅ	ብምህ+ናፅ
ሃገራትን	ሃገ+ራትን
ንምትካል	ንምት+ካል
ብምትካል	ብምት+ካል
ክጥጥዕ	ክ+ጥጥዕ
ክስራሕ	ክ+ስራሕ
ፈሳሲን	ፈሳሲ+ን
ጓሓፍን	ጓሓፍ+ን
ዝዝቲ	ዝ+ዝቲ
ምቕናስን	ምቕናስ+ን
ምግላጾም	ምግ+ላጾም
ስሉጥን	ስሉጥ+ን
ዝቕይር	ዝ+ቕይር
ኣሰራርሓ	ኣሰራር+ሓ
ትጉሃትን	ትጉ+ሃትን
ንመፃኢ	ንመ+ፃኢ
ክትኸውን	ክ+ትኸውን
ተስፋን	ተስፋ+ን
መርሻ	መር+ሻ
ኣይካኣልን	ኣይ+ካኣል+ን
ብዝፍጠር	ብ+ዝፍጠር
ፅልዋን	ፅልዋ+ን
ክትሻቐል	ክ+ትሻቐል
ከምዘይግባኣ	ከምዘይ+ግ+ባኣ
ዝስተየሉ	ዝ+ስ+ተየሉ
ሓላፊነቱ	ሓላፊነ+ቱ
ዝተምሃዘ	ዝ+ተም+ሃዘ
ሓፂንን	ሓ+ፂንን
ወረቐትን	ወረቐት+ን
ምህርቲን	ምህርቲ+ን
ትካሉ	ትካ+ሉ
ትምህርቲን	ትምህርቲ+ን
ዘየንጸባርቑ	ዘ+የን+ጸባርቑ
ንገልጽ	ን+ገልጽ
ንገልፅ	ን+ገልፅ
ትግበራ	ት+ግ+በራ
ህልውና	ህል+ውና
ኣገባብን	ኣገባብ+ን
ኣመራርሓን	ኣመራርሓ+ን
ከምዝዕወት	ከምዝ+ዕወት
ኣመስኪርና	ኣመስ+ኪርና
ንምፍጣርን	ንምፍ+ጣርን
ንምስሓብን	ንምስ+ሓብን
ዝተሓንጸጸ	ዝ+ተሓን+ጸጸ
ኣዝዮም	ኣዝ+ዮም
ንዝደልዩ	ን+ዝደል+ዩ
ብቕዓትን	ብቕዓት+ን
ክእለትን	ክእለት+ን
ስራሕትና	ስራሕ+ትና
ዝሕፈት	ዝ+ሕፈት
ርሒቕና	ር+ሒቕና
ገዛናን	ገዛ+ና+ን
ቦታን	ቦታ+ን
ኮይንና	ኮይን+ና
ጥዕናን	ጥዕና+ን
ዕብየትን	ዕብየት+ን
ስለዘበርክት	ስለ+ዘበርክት
ፀገማታ	ፀገ+ማታ
ንምስዓር	ንምስ+ዓር
ኣናእሽቱን	ኣናእሽ+ቱን
ክንውንን	ክ+ንውንን
እምነተይ	እምነ+ተይ
ክህልዉ	ክ+ህል+ዉ
ንኣምን	ን+ኣምን
ብምምሃዝ	ብም+ምሃዝ
ብቕዓትና	ብቕዓት+ና
ምሂዝና	ም+ሂዝና
ስልጠናን	ስልጠና+ን
ንዝፈጥሮ	ን+ዝፈጥ+ሮ
ምእታዉ	ምእ+ታዉ
ዝፅብፀብ	ዝ+ፅብፀብ
ሓውዮም	ሓው+ዮም
ተመግዲሮም	ተመግ+ዲሮም
ህንዲን	ህንዲ+ን
ፍሉይን	ፍሉይ+ን
ወሲንና	ወሲን+ና
መስሪታ	መስ+ሪታ
ከምዘብርህዎ	ከም+ዘብርህ+ዎ
መንግስታትን	መንግስ+ታትን
ዝጸንሑሉ	ዝ+ጸን+ሑሉ
ዓለምን	ዓለም+ን
ጠርዚ	ጠር+ዚ
ሳምቡእን	ሳምቡእ+ን
ተመስሪቱ	ተመስ+ሪቱ
ዝገብረሎም	ዝ+ገብ+ረሎም
ብምስራሕ	ብምስ+ራሕ
ከይተሓላለፍ	ከይ+ተሓላለፍ
ይነጥፍ	ይ+ነጥፍ
ብምዝርጋሕን	ብምዝር+ጋሕን
ብምግፋሕ	ብምግ+ፋሕ
ውልቃዊን	ውልቃዊ+ን
ሃብቲን	ሃብቲ+ን
ኣታዊኦምን	ኣታዊ+ኦም+ን
ንምፍላጥ	ንምፍ+ላጥ
ዝመርሕ	ዝ+መርሕ
ንምኻን	ን+ምኻን
ክወዳደር	ክ+ወዳደር
ንኣዲስ	ንኣ+ዲስ
ወኪሉ	ወኪ+ሉ
ሸይማቶ	ሸይ+ማቶ
ጋና	ጋ+ና
ወኪለን	ወኪ+ለን
ሻምፒዮና	ሻምፒዮ+ና
ንጥፈቱ	ንጥፈ+ቱ
ንምዝርጋሕ	ንምዝር+ጋሕ
ንዘመዝግቦም	ን+ዘመዝግ+ቦም
ከየካይዱ	ከ+የካይ+ዱ
ዝመክር	ዝ+መክር
መናእሰይን	መናእሰይ+ን
ስፖርትን	ስፖርት+ን
መዕለቢኡ	መዕለቢ+ኡ
ከምዝኾን	ከምዝ+ኾን
ሰይፉ	ሰይ+ፉ
ዝተመርሐን	ዝ+ተመር+ሐን
ዝውስን	ዝ+ውስን
ዝምልስ	ዝ+ምልስ
ዝትዋሳእ	ዝ+ትዋሳእ
ዝወከልዎም	ዝ+ወከል+ዎም
ዘየንፀባርቕ	ዘ+የንፀባርቕ
ዝጠልብ	ዝ+ጠልብ
ኩባንያኣ	ኩባንያ+ኣ
ከምዝውዕል	ከምዝ+ውዕል
ቅብኢ	ቅብ+ኢ
ተንቀሳቓሲን	ተንቀሳቓሲ+ን
ዓለባን	ዓለባ+ን
ንዝዓልቡ	ን+ዝዓል+ቡ
ቅብኢን	ቅብኢ+ን
ስእሊን	ስእሊ+ን
ሶልን	ሶል+ን
ክተቕርብ	ክ+ተቕርብ
ሙዚቃን	ሙዚቃ+ን
ዝሰርሖም	ዝ+ሰር+ሖም
ዝተቐድሑ	ዝ+ተቐድ+ሑ
ወሳኒን	ወሳኒ+ን
ዝገርሐን	ዝ+ገር+ሐን
ዝጸንሕ	ዝ+ጸንሕ
ምህዞን	ምህዞ+ን
ፈጠራን	ፈጠራ+ን
ክዕጾ	ክ+ዕጾ
ፀሓፊን	ፀሓፊ+ን
ባህሪይ	ባህሪ+ይ
ህይወትን	ህይወት+ን
ዝተቐድሐ	ዝ+ተቐድ+ሐ
ኣዘውቲሩ	ኣዘው+ቲሩ
ይፈጥር	ይ+ፈጥር
ዝውክሉ	ዝ+ውክ+ሉ
ኣይኮነን	ኣይ+ኮነን
ኣግሪ	ኣግ+ሪ
ከምዝውድእ	ከምዝ+ውድእ
ኢንዱስትሪን	ኢንዱስትሪ+ን
ወነንትን	ወ+ነንትን
ስራሕን	ስራሕ+ን
ክኣትዋ	ክ+ኣት+ዋ
ክትሃንፅ	ክ+ትሃንፅ
ኣቑሑትን	ኣ+ቑሑትን
ከምዘፍለጠ	ከም+ዘፍ+ለጠ
ይዝከር	ይ+ዝከር
ንምዕጋብ	ንምዕ+ጋብ
ምምሕያሽን	ምምሕ+ያሽን
ምስፋሕን	ምስ+ፋሕን
ኣበርቲዑ	ኣበር+ቲዑ
ከምዝሰርሕ	ከምዝ+ሰርሕ
ክተእትዎ	ክ+ተእት+ዎ
ዝፀንሐን	ዝ+ፀን+ሐን
ንምድልዳል	ንምድል+ዳል
ንምስራሕ	ን+ምስራሕ
ጉዳያትን	ጉዳ+ያትን
ፈትልታትን	ፈት+ልታትን
ከምዝጅምራ	ከምዝ+ጅም+ራ
ዝሕግዙ	ዝ+ሕግ+ዙ
ክግበሩ	ክ+ግ+በሩ
መረፃን	መረ+ፃን
ምዕራብን	ምዕ+ራብን
ተራእዮም	ተራእ+ዮም
ብኻልኦት	ብኻል+ኦት
ድሕንነትን	ድሕንነት+ን
ክሕሉ	ክ+ሕሉ
እንተዘይክኢሉ	እንተዘይ+ክ+ኢሉ
ክወስድ	ክ+ወስድ
ዝፍፀሙሉ	ዝ+ፍ+ፀሙሉ
ብምጥንኻር	ብምጥን+ኻር
ከምዘይኽእል	ከምዘይ+ኽእል
ብምግላፅ	ብምግ+ላፅ
ንምትካእ	ንምት+ካእ
ክመርፅ	ክ+መርፅ
ገመዳ	ገመ+ዳ
ፅሕፈቶም	ፅሕፈ+ቶም
ንኣባላት	ንኣባ+ላት
ክዝትዩ	ክ+ዝት+ዩ
ዝመርሑ	ዝ+መር+ሑ
እኣምን	እ+ኣምን
ታሪኻ	ታሪ+ኻ
ኣበርክቶኦም	ኣበርክቶ+ኦም
ከምዘብፀሖ	ከም+ዘብ+ፀሖ
ንግድብ	ን+ግድብ
ክፀድቕ	ክ+ፀድቕ
ኩባንያኦም	ኩባንያ+ኦም
እዋኑ	እዋ+ኑ
ፍሳስ	ፍሳ+ስ
ንምልዓል	ንምል+ዓል
ከምዝጠቅም	ከምዝ+ጠቅም
ንሃገራት	ንሃገ+ራት
ድርቅን	ድር+ቅን
ዕግርግርን	ዕግርግር+ን
እንተሰሪሕና	እንተ+ሰሪሕ+ና
ኣበርቲዓ	ኣበር+ቲዓ
ከምዝፀንሐት	ከምዝ+ፀን+ሐት
ይመስለኒ	ይ+መስ+ለኒ
ንምምንጫው	ንምምን+ጫው
ንምንጋፍ	ን+ምንጋፍ
ልምዓታ	ልምዓ+ታ
ንምዕዋት	ንምዕ+ዋት
ብምውጋድ	ብምው+ጋድ
ብምስታፍ	ብምስ+ታፍ
ክገብሩ	ክ+ገብ+ሩ
መሬትን	መሬት+ን
ሓመድን	ሓመድ+ን
ብኣግራብ	ብ+ኣግራብ
ግንዛበን	ግንዛበ+ን
ክሽፈን	ክ+ሽፈን
ከባቢን	ከባቢ+ን
ዝድለ	ዝ+ድለ
ዝፈትሑ	ዝ+ፈት+ሑ
ገፆም	ገ+ፆም
ብዝጠቅዑዎ	ብ+ዝጠቅ+ዑዎ
ኢልኩም	ኢል+ኩም
ከይትሓስቡ	ከይ+ትሓስ+ቡ
እናተግበርና	እና+ተግ+በርና
ኣፍራይነትና	ኣፍራይነት+ና
ሸቶና	ሸቶ+ና
ንኽእል	ን+ኽእል
ንምልላይ	ንምል+ላይ
ኣግራብን	ኣግራብ+ን
ዝፍጠር	ዝ+ፍጠር
ዕቀባን	ዕቀባ+ን
ምድንፋዕን	ምድን+ፋዕን
ልምዓትን	ልምዓት+ን
ብርሃኑ	ብርሃ+ኑ
ትካሎም	ትካ+ሎም
ክእክብ	ክ+እክብ
ምፅንሑ	ምፅን+ሑ
ዝምልከቶም	ዝ+ምል+ከቶም
ዝልወጥ	ዝ+ልወጥ
ንተምሃሮ	ንተ+ምሃሮ
ንምቕራብን	ንምቕራብ+ን
ንምስራሕን	ንምስ+ራሕን
ምዕባለን	ምዕባለ+ን
ዕዳጋን	ዕዳጋ+ን
ዝምጥን	ዝ+ምጥን
ንግዳዊን	ንግዳዊ+ን
ክትቐርብ	ክ+ትቐርብ
ኣይሳኣንን	ኣይ+ሳኣን+ን
ኣስተዋጽኦን	ኣስተዋጽኦ+ን
ክሕግዝ	ክ+ሕግዝ
ማርታ	ማር+ታ
ዝህልዎ	ዝ+ህል+ዎ
ትኹረቶም	ት+ኹረቶም
ክህልዉዎ	ክ+ህል+ዉዎ
ዝተሓንፀፀ	ዝ+ተሓን+ፀፀ
ይሳለጥ	ይ+ሳለጥ
ይፍፀም	ይ+ፍፀም
ንዘካይዶ	ን+ዘካይ+ዶ
ምምራሕን	ም+ምራሕን
ምዕዋትን	ምዕ+ዋትን
ንዝገብሮ	ን+ዝገብ+ሮ
ንከተማታት	ንከተማ+ታት
ንምውሳኽ	ንምው+ሳኽ
ዝጠቅም	ዝ+ጠቅም
ንምትግባርን	ንምትግ+ባርን
ንምውናን	ን+ምውናን
ንዝኣትዉ	ን+ዝኣት+ዉ
ዝትክኡ	ዝ+ትክ+ኡ
ከምዝጅምር	ከምዝ+ጅምር
ኣዴታትን	ኣ+ዴታትን
ቆልዑን	ቆል+ዑን
መንፀጊን	መን+ፀጊን
ንምግፋሕ	ንምግ+ፋሕ
ፅሬቶም	ፅሬ+ቶም
እናተገምገመ	እና+ተገም+ገመ
ብመስራቲን	ብመስራቲ+ን
ባህሩ	ባህ+ሩ
ፀኒሐን	ፀኒ+ሐን
ደቒቓ	ደቒ+ቓ
ዝልዓለ	ዝ+ል+ዓለ
ዝፈጥረሎም	ዝ+ፈጥ+ረሎም
ክተሓላለፍ	ክ+ተሓላለፍ
ይፍለጡ	ይ+ፍ+ለጡ
ቡና	ቡ+ና
ዝተመዝገበት	ዝ+ተመዝ+ገበት
ክርከቡ	ክ+ር+ከቡ
ከይተመዝገበካ	ከይ+ተመዝ+ገበካ
ነጥብኻ	ነጥ+ብኻ
ዓቂብካ	ዓቂብ+ካ
ሃገሩ	ሃገ+ሩ
ዝመርሕዎ	ዝ+መርሕ+ዎ
ሓሳባዊን	ሓሳባዊ+ን
ክግበረሎም	ክ+ግ+በረሎም
ዝግበረሎም	ዝ+ግ+በረሎም
ክፃወት	ክ+ፃወት
ብዝካየድ	ብ+ዝካየድ
ውድድራትን	ውድድ+ራትን
ክትክኣ	ክ+ትክ+ኣ
እናርኣየ	እና+ር+ኣየ
ላዛን	ላዛ+ን
ቀረፃ	ቀረ+ፃ
ኣፀምቢሉ	ኣፀም+ቢሉ
ዝሃብዎ	ዝ+ሃብ+ዎ
ሽፋንን	ሽፋን+ን
ደረጃን	ደረጃ+ን
ዝረኸብዎም	ዝ+ረኸብ+ዎም
ሽልማታትን	ሽልማ+ታትን
ናእዳን	ናእዳ+ን
ንምግባርን	ንምግ+ባርን
ንምርዳእ	ንምር+ዳእ
ኣይወስደሉን	ኣይ+ወስ+ደሉን
እንጠጦ	እ+ንጠጦ
ዝኾለልዎ	ዝ+ኾለል+ዎ
ዜማኣ	ዜማ+ኣ
ኣቡኡ	ኣ+ቡኡ
ቃናን	ቃና+ን
ብምጅማር	ብም+ጅማር
ጭራን	ጭራ+ን
ዝስሓበሉ	ዝ+ስ+ሓበሉ
ዝፍለጡ	ዝ+ፍ+ለጡ
ንምብቃዕን	ንምብ+ቃዕን
ዝፍኖ	ዝ+ፍኖ
ብምስፍሕፋሕ	ብምስፍሕ+ፋሕ
ይመስል	ይ+መስል
ብዝነብሩ	ብ+ዝነብ+ሩ
ዝፈትው	ዝ+ፈትው
ዓዶም	ዓ+ዶም
ይኣክል	ይ+ኣክል
ዝፅዕር	ዝ+ፅዕር
ነገርን	ነገር+ን
ንስፍሕ	ን+ስፍሕ
ዓምቢቦም	ዓም+ቢቦም
ፅባቐን	ፅባቐ+ን
ዋጋን	ዋጋ+ን
ብመንፅር	ብመን+ፅር
ክፈጥር	ክ+ፈጥር
ዝውዕል	ዝ+ውዕል
ክዀን	ክ+ዀን
ስኒኻ	ስኒ+ኻ
ተጠቒምካ	ተጠቒም+ካ
ክትስእል	ክ+ትስእል
ሓሲብካ	ሓሲብ+ካ
ትፈልጥ	ት+ፈልጥ
ዝፃወት	ዝ+ፃወት
ኣዝማድን	ኣዝማድ+ን
ይብል	ይ+ብል
ሳህሉ	ሳህ+ሉ
ዓመቶም	ዓመ+ቶም
ብጓሎም	ብጓ+ሎም
ተግባርን	ተግባር+ን
ክዝውር	ክ+ዝውር
ከምዝበልፆም	ከምዝ+በል+ፆም
ዝልለዩሎም	ዝ+ል+ለዩሎም
ባዕሎም	ባዕ+ሎም
ዝጥዕሞም	ዝ+ጥዕ+ሞም
ንሽገር	ን+ሽገር
ንዝሓልፎም	ን+ዝሓል+ፎም
ፀገማትን	ፀገ+ማትን
ምርኢቱ	ምርኢ+ቱ
ንዘጋጥሞ	ን+ዘጋጥ+ሞ
ገልታዕታዕን	ገልታዕታዕ+ን
ይሕብር	ይ+ሕብር
ፕሮጀክቱ	ፕሮጀክ+ቱ
ምንቅስቓሱ	ምንቅስቓ+ሱ
ብዕፅፊ	ብዕ+ፅፊ
ባሕርን	ባሕ+ርን
አዕርዩ	አዕር+ዩ
ሕርሻን	ሕርሻ+ን
ብምብፃሕ	ብ+ምብፃሕ
ፍርያቶም	ፍርያ+ቶም
ኣቢልካ	ኣቢል+ካ
ሕርሻኣ	ሕርሻ+ኣ
ምእካብን	ምእ+ካብን
ዘትየን	ዘት+የን
ብዝህብ	ብ+ዝህብ
ብምምዳብ	ብ+ምምዳብ
ይህብ	ይ+ህብ
ተወልደ	ተወል+ደ
ብምጉዕዓዝ	ብምጉዕ+ዓዝ
ምብፅሑ	ምብ+ፅሑ
ክህልዋ	ክ+ህል+ዋ
ምዝርራቦም	ምዝር+ራቦም
ዝተሰርዐ	ዝ+ተሰር+ዐ
ንምምዝማዝ	ንምምዝ+ማዝ
ይውስን	ይ+ውስን
ዝተመልአ	ዝ+ተመል+አ
መግለፂኡ	መግለ+ፂኡ
ዝስዕብ	ዝ+ስዕብ
ይድምድም	ይ+ድምድም
ምኽንያቱ	ምኽንያ+ቱ
ስለዝኸውን	ስለዝ+ኸውን
ከየገልግል	ከ+የገልግል
ይገብሮ	ይ+ገብ+ሮ
ብዘይፈልጥ	ብዘይ+ፈልጥ
ሰደድን	ሰደድ+ን
ትራፊክን	ትራፊክ+ን
ንምቅላል	ንምቅ+ላል
ንዝስራሕ	ን+ዝስራሕ
ጎደናን	ጎደና+ን
ፀገማቶም	ፀገ+ማቶም
ከምዘቕርቦም	ከም+ዘቕር+ቦም
ኣባላትን	ኣባ+ላትን
ብምርኻብ	ብ+ምርኻብ
ዘትዮም	ዘት+ዮም
ሽመልስ	ሽመል+ስ
ዝዕደጉ	ዝ+ዕ+ደጉ
መሕደሪኦም	መሕደሪ+ኦም
ንምጉዕዓዝ	ንምጉዕ+ዓዝ
መረፅትን	መ+ረፅትን
ርዮ	ር+ዮ
ንምሕዋይን	ንምሕዋይ+ን
ንምዕቃብን	ንምዕ+ቃብን
ሸቶኡ	ሸቶ+ኡ
ሽርክና	ሽርክ+ና
ብምርግጋፅ	ብምርግ+ጋፅ
ለውጥን	ለው+ጥን
ዘይኮነስ	ዘይኮነ+ስ
ርስሓትን	ርስሓት+ን
ምውጋድን	ምው+ጋድን
ምሕላውን	ምሕ+ላውን
ንዝንቀሳቐሱ	ን+ዝን+ቀሳቐሱ
ዝለምዑ	ዝ+ለም+ዑ
ንዘወርቲ	ንዘ+ወርቲ
ቦታታትን	ቦታ+ታትን
ክውዳእ	ክ+ውዳእ
ምስዝርከባ	ምስዝ+ር+ከባ
ኣየስዕብን	ኣ+የስዕብ+ን
ክራባሕ	ክ+ራባሕ
ክኸይድ	ክ+ኸይድ
ቀውዒ	ቀው+ዒ
ከምዝመፅእ	ከምዝ+መፅእ
ዝተዋህለሉ	ዝ+ተዋህ+ለሉ
ክልለዩ	ክ+ል+ለዩ
ገጠርን	ገጠር+ን
ዝትከሉ	ዝ+ት+ከሉ
ተፈጥሮን	ተፈጥሮ+ን
ምትላምን	ም+ትላምን
ምትግባርን	ምትግ+ባርን
ብምድንፋዕ	ብምድን+ፋዕ
ዘይተርፍ	ዘይ+ተርፍ
ንዘጋጥሙ	ን+ዘጋጥ+ሙ
ጌጋታትን	ጌጋ+ታትን
ንምዕራይ	ንምዕ+ራይ
ክዛረብ	ክ+ዛረብ
ንምስጣም	ንም+ስጣም
ክፀንሕ	ክ+ፀንሕ
ንግዲን	ንግዲ+ን
ንምዕባይ	ንምዕ+ባይ
እትመርሕ	እት+መርሕ
ንምንዳይ	ን+ምንዳይ
ተመልኪቶም	ተመል+ኪቶም
ክተኣታቶ	ክ+ተኣታቶ
ቁልዕነቶም	ቁልዕነ+ቶም
ኣትሒዞም	ኣት+ሒዞም
ሽቶኡ	ሽቶ+ኡ
ሓባራዊን	ሓባራዊ+ን
ርክበን	ርክ+በን
ልኡኽን	ልኡኽ+ን
ዝሕግዘን	ዝ+ሕግ+ዘን
ብዝግበር	ብ+ዝግበር
ኣስተዋፅኦን	ኣስተዋ+ፅኦን
ዝትግበር	ዝ+ትግበር
ህፁፅን	ህ+ፁፅን
ሓደጋን	ሓደጋ+ን
ንምጥንኻርን	ንምጥን+ኻርን
ምዕቃብን	ምዕ+ቃብን
ተኽእሎን	ተኽእሎ+ን
ዘይተዳህሰሳ	ዘይ+ተዳህ+ሰሳ
ኣመልኪተን	ኣመል+ኪተን
ንምስፍሕፋሕ	ንምስፍሕ+ፋሕ
ዝዓግቱ	ዝ+ዓግ+ቱ
ክወስዱ	ክ+ወስ+ዱ
ዝውሰኹ	ዝ+ው+ሰኹ
ተግቢሩ	ተግ+ቢሩ
ንጠለባት	ንጠለ+ባት
ዝድርበዩ	ዝ+ድር+በዩ
ኣይርከቡን	ኣይ+ር+ከቡን
ኣንስቲን	ኣንስቲ+ን
ኣዋልድን	ኣዋል+ድን
መብራህቱ	መብራህ+ቱ
ሃማ	ሃ+ማ
ኣመስጊኑ	ኣመስ+ጊኑ
ኣዕቢዮም	ኣዕ+ቢዮም
መፃኢን	መ+ፃኢን
ክምክቱ	ክ+ምክ+ቱ
ክድልድል	ክ+ድልድል
ቀፅሩ	ቀ+ፅሩ
መኮነንን	መኮነን+ን
ኣማንን	ኣማን+ን
እዚኦም	እዚ+ኦም
ዝውድእ	ዝ+ውድእ
እምነ	እ+ምነ
ዝህነፅ	ዝ+ህነፅ
ፀጋይ	ፀጋ+ይ
ንዘመዝገበቶ	ን+ዘመዝ+ገበቶ
ምምዝጋበይ	ምምዝ+ጋበይ
ንምስባር	ንምስ+ባር
ሃይሉ	ሃይ+ሉ
ጉባኤኡ	ጉባኤ+ኡ
ንጉዳያት	ንጉዳ+ያት
ውሒዞም	ውሒ+ዞም
ዕድመን	ዕድመ+ን
ምፍልላየን	ምፍል+ላየን
ደቓይቕን	ደ+ቓይቕን
ግደይ	ግደ+ይ
እንተየህሰሰ	እንተ+የህ+ሰሰ
ዝሰርሐ	ዝ+ሰር+ሐ
ይግበረሎም	ይ+ግ+በረሎም
ብዘእተዋ	ብ+ዘእ+ተዋ
ፀኒሓ	ፀኒ+ሓ
ክሕዛ	ክ+ሕ+ዛ
ምብራሩ	ምብ+ራሩ
መዘናኣ	መዘና+ኣ
ዓላሚኦም	ዓላሚ+ኦም
ክትገብር	ክ+ትገብር
ንዝፅውዑ	ን+ዝፅው+ዑ
እናመርሑ	እና+መር+ሑ
ንዝተመዝገበን	ን+ዝ+ተመዝገበን
ኣካልን	ኣካል+ን
ይእመን	ይ+እመን
ንዝበዝሐ	ን+ዝ+በዝሐ
ብምጉያይ	ብምጉ+ያይ
እናተብሃለት	እና+ተብ+ሃለት
ደገፍትን	ደ+ገፍትን
ክዛወር	ክ+ዛወር
ከምዘፍለጡዎ	ከም+ዘፍ+ለጡዎ
ይሳተፍ	ይ+ሳተፍ
ድልየትና	ድልየት+ና
ሃገርና	ሃገር+ና
እንትግበር	እን+ትግበር
ኢልና	ኢል+ና
ኣይንርእይን	ኣይ+ንርእይ+ን
ንዝካየድ	ን+ዝካየድ
ዝለማመድ	ዝ+ለማመድ
ምርካቡ	ምር+ካቡ
ክለማመድ	ክ+ለማመድ
ዝገብረሉ	ዝ+ገብ+ረሉ
ቅልጣፈይ	ቅልጣፈ+ይ
ዝቐልጠፈ	ዝ+ቐል+ጠፈ
እደልይ	እ+ደልይ
ጎየይትን	ጎ+የይትን
ከምዝብርከተሎም	ከምዝ+ብር+ከተሎም
ተሓርዩ	ተሓር+ዩ
ሓገዝትን	ሓ+ገዝትን
ይርከቡዎም	ይ+ር+ከቡዎም
ንኽውስኑ	ንኽ+ውስ+ኑ
ከባቢኣን	ከባቢ+ኣ+ን
ንእስነተይ	ንእስነ+ተይ
ውድድረይ	ውድድ+ረይ
ስዒረ	ስ+ዒረ
መምህረይ	መምህ+ረይ
ስርሐይ	ስ+ርሐይ
ንኽሳተፍ	ንኽ+ሳተፍ
ከምዝሓበርዎ	ከምዝ+ሓበር+ዎ
ውድድራ	ውድድ+ራ
ጉያኣ	ጉያ+ኣ
ክትውክል	ክ+ትውክል
ግዜኣ	ግዜ+ኣ
ዓወታ	ዓወ+ታ
ምፅምባራ	ም+ፅምባራ
ክትዓትር	ክ+ትዓትር
መዘናግዒን	መዘናግዒ+ን
ብዝትረኽ	ብ+ዝትረኽ
ቃልሲን	ቃልሲ+ን
መፅሓፋ	መ+ፅሓፋ
ተቐባልነትን	ተቐባልነት+ን
ዝውንኖ	ዝ+ውን+ኖ
ብምውድዳር	ብምውድ+ዳር
ኣገልጊሉ	ኣገል+ጊሉ
ሂወታ	ሂወ+ታ
ዝተሰርሐን	ዝ+ተሰር+ሐን
ጭቆናን	ጭቆና+ን
ኣድልዎን	ኣድልዎ+ን
ብምክሓድ	ብምክ+ሓድ
ዝሰብኽ	ዝ+ሰብኽ
መፅሓፉ	መ+ፅሓፉ
ዝርዝርን	ዝርዝር+ን
ምሕባርን	ምሕ+ባርን
ምህዳስን	ምህ+ዳስን
ብቋንቋታት	ብቋንቋ+ታት
ዝፍነዉ	ዝ+ፍ+ነዉ
ዝተርኣየ	ዝ+ተር+ኣየ
መዕረፊን	መዕረፊ+ን
ከምዝምረቑ	ከምዝ+ም+ረቑ
ከምዘዕቢ	ከም+ዘዕቢ
ንመሃዝቲ	ንመሃ+ዝቲ
ንምትብባዕን	ንምትብ+ባዕን
ከምዝምድብ	ከምዝ+ምድብ
ክሰጥም	ክ+ሰጥም
ውህደትን	ውህደት+ን
ቃላትን	ቃ+ላትን
ብምህዳስን	ብምህ+ዳስን
ንሽማግለታት	ንሽማግለ+ታት
ከባቢኦምን	ከባቢ+ኦም+ን
ንዝገበርዎ	ን+ዝገበር+ዎ
ዘይሕለል	ዘይ+ሕለል
ንምፅጋን	ን+ምፅጋን
ዲፕሎማሲን	ዲፕሎማሲ+ን
ዝውክል	ዝ+ውክል
ተሃድሶን	ተሃድሶ+ን
ዝሰልዐ	ዝ+ሰል+ዐ
ፈነውኡ	ፈነ+ውኡ
ዝፈጠርዎ	ዝ+ፈጠር+ዎ
ንዝተሰርሑ	ን+ዝተሰር+ሑ
መዝሙራትን	መዝሙ+ራትን
ብምሃብ	ብ+ምሃብ
እናተሰርሑ	እና+ተሰር+ሑ
ዘይምህላዉ	ዘይ+ምህ+ላዉ
ይጥቀስ	ይ+ጥቀስ
ይገልፅ	ይ+ገልፅ
ኣንቢሩ	ኣን+ቢሩ
ግብፂን	ግብ+ፂን
ክህልዉና	ክ+ህል+ዉና
ይኽእሉ	ይ+ኽእ+ሉ
መንጎና	መንጎ+ና
ብኣባላት	ብኣባ+ላት
ንምዝራፍ	ንምዝ+ራፍ
ሕግን	ሕ+ግን
ምሕታቶም	ምሕ+ታቶም
ዝግበሩ	ዝ+ግ+በሩ
ዝትንትን	ዝ+ትንትን
ምስግጋርን	ምስግ+ጋርን
ገዛኻ	ገዛ+ኻ
ዘይምውፃእ	ዘይ+ምውፃእ
ጎንደርን	ጎንደር+ን
ዓመፅን	ዓመ+ፅን
ኣፈላላያቶም	ኣፈላላ+ያቶም
ብምግዳፍ	ብምግ+ዳፍ
ንምፍታሽ	ንምፍ+ታሽ
ተሓርየን	ተሓር+የን
ከምዝተንፀባረቐ	ከምዝ+ተን+ፀባረቐ
ክድግፉ	ክ+ድግ+ፉ
ንምምዝጋብ	ንምምዝ+ጋብ
ንኢዶምዎ	ን+ኢዶምዎ
ዝመስረታ	ዝ+መስ+ረታ
ንምውሳን	ን+ምውሳን
ክውሰኽ	ክ+ውሰኽ
ንኣብይ	ን+ኣብይ
ምትሕብባርን	ምትሕብባር+ን
ንምውሓስ	ንምው+ሓስ
ንዝወሰድዎ	ን+ዝወሰድ+ዎ
ተሓርዮም	ተሓር+ዮም
ተቓዊሞምዎ	ተቓዊሞም+ዎ
ንኣርባሕቲ	ንኣርባ+ሕቲ
ተፃዋርነትን	ተፃዋርነት+ን
ማያ	ማ+ያ
ትሃንፅ	ት+ሃንፅ
ክፍፅም	ክ+ፍፅም
መኽዘኑ	መኽዘ+ኑ
ምግላፁ	ምግ+ላፁ
ክመፅእ	ክ+መፅእ
ደርግን	ደር+ግን
ከምዝብለኦ	ከምዝ+ብ+ለኦ
ፅሕፈቱ	ፅሕፈ+ቱ
ዝተልዓሉ	ዝ+ተል+ዓሉ
ዝፀምዶም	ዝ+ፀም+ዶም
ክሃንፁ	ክ+ሃን+ፁ
ምርግጋእን	ምርግ+ጋእን
ክሕግዙ	ክ+ሕግ+ዙ
ኣባይትን	ኣባይት+ን
ኣገልግሎትን	ኣገልግሎት+ን
ንዝሓዙ	ን+ዝ+ሓዙ
ሃገራተን	ሃገ+ራተን
ክኣትው	ክ+ኣትው
ፍትሕን	ፍት+ሕን
ምሰፍረሱ	ም+ሰፍ+ረሱ
ሰዓታትን	ሰዓ+ታትን
ሰሙንን	ሰሙን+ን
ዝኣትዉ	ዝ+ኣት+ዉ
ጥሙርን	ጥሙር+ን
ንምብርካት	ንምብር+ካት
ክፍሊትን	ክፍሊት+ን
መስርሕን	መስርሕ+ን
ብምውሳኽ	ብምው+ሳኽ
ማዕድንን	ማዕድን+ን
ነዳዲን	ነዳዲ+ን
ብምፍጣር	ብምፍ+ጣር
ሸቐጣትን	ሸቐ+ጣትን
ኣታዊን	ኣታዊ+ን
ክጥንክር	ክ+ጥንክር
ክትግበሩ	ክ+ትግ+በሩ
ዕላምኡ	ዕላ+ምኡ
ዝፅጋዕ	ዝ+ፅጋዕ
ክውዕል	ክ+ውዕል
ቆርቆሮ	ቆር+ቆሮ
ክጥቀማ	ክ+ጥ+ቀማ
ኣቕሓን	ኣቕሓ+ን
ፖሊሲን	ፖሊሲ+ን
ሃፍትና	ሃፍ+ትና
ክጥቀሙ	ክ+ጥ+ቀሙ
ንዘቕረብናዮ	ን+ዘቕረብ+ናዮ
ክንዘራረብ	ክ+ንዘራረብ
ንኢትዮጵያን	ንኢትዮጵያ+ን
ምግያሽን	ምግ+ያሽን
ፀገምን	ፀገም+ን
ዝዘርግሐ	ዝ+ዘርግ+ሐ
ከምዘረድኦ	ከም+ዘረድ+ኦ
ንምምካትን	ንም+ምካትን
ብኣናእሽቱ	ብኣናእሽ+ቱ
ይኣምን	ይ+ኣምን
ዘይምምጥጣን	ዘይ+ምምጥጣን
ንውሑስን	ንውሑስ+ን
ኣይብሎምን	ኣይ+ብ+ሎምን
ንምትብባዕ	ንምትብ+ባዕ
መረዳእታን	መረዳእታ+ን
ዝሃንፅ	ዝ+ሃንፅ
ዝዛዘም	ዝ+ዛዘም
ጣልያንን	ጣልያን+ን
ፅሑፍን	ፅሑፍ+ን
ዕብየቱ	ዕብየ+ቱ
ትንበያ	ት+ን+በያ
ክትዓቢ	ክ+ትዓቢ
እተመዝግብ	እተመዝ+ግብ
ንምርግጋእ	ንምርግ+ጋእ
ማሕበርን	ማሕበር+ን
ክዓቢ	ክ+ዓቢ
ድሒሩ	ድ+ሒሩ
ዝዕድል	ዝ+ዕድል
ደይቦም	ደይ+ቦም
ቅብኣትን	ቅብኣት+ን
ኣዝርእትን	ኣዝር+እትን
ተመራመርቲን	ተመራ+መርቲን
ተንተንትን	ተን+ተንትን
ብዝልዓለ	ብ+ዝል+ዓለ
ዕዳኣ	ዕዳ+ኣ
ክርአ	ክ+ርአ
ንምድኻም	ንም+ድኻም
ንውሑዳት	ንውሑ+ዳት
ንምንቅስቃስ	ንምንቅስ+ቃስ
ትኸፍሎ	ት+ኸፍ+ሎ
ዓሳን	ዓሳ+ን
ዝበዝሖም	ዝ+በዝ+ሖም
ቁጠባን	ቁጠባ+ን
ንምትግባር	ንምትግ+ባር
ሓይሊን	ሓይሊ+ን
ግድብን	ግድብ+ን
ዝመርሐ	ዝ+መር+ሐ
ሕግታትን	ሕ+ግታትን
ኩነታትን	ኩነታት+ን
ክሕፈስ	ክ+ሕፈስ
ክማላእ	ክ+ማላእ
ዝለምዐ	ዝ+ለም+ዐ
ባልዕን	ባልዕ+ን
ዝበርስ	ዝ+በርስ
ንምስላጥን	ንምስ+ላጥን
ትልሙ	ትል+ሙ
ብምምሕያሽ	ብምምሕ+ያሽ
ብምስንዳእ	ብምስን+ዳእ
ብምሕባር	ብ+ምሕባር
ተግባሩ	ተግባ+ሩ
ሰብን	ሰብ+ን
ኣባይን	ኣባይ+ን
መገብቶምን	መ+ገብቶም+ን
ተዋሳእቲን	ተዋሳ+እቲን
ፀጋታትን	ፀጋ+ታትን
ዝመያየጥ	ዝ+መያየጥ
ዘይተተንከፈ	ዘይ+ተተን+ከፈ
ሄሊኮፕተርን	ሄሊኮፕተር+ን
ሓዊን	ሓዊ+ን
ገንዘብን	ገንዘብ+ን
ዘይምስታፍ	ዘይ+ምስታፍ
ክዕፀዉ	ክ+ዕ+ፀዉ
ቆርበትን	ቆርበት+ን
ሓሸዋን	ሓሸዋ+ን
ኣገንዚቡ	ኣገን+ዚቡ
ሃፍቲን	ሃፍቲ+ን
መስሪተን	መስ+ሪተን
ንጎረባብቲ	ንጎረ+ባብቲ
ንምክፍፋል	ንምክፍ+ፋል
ንምድጋፍን	ንምድ+ጋፍን
ክከላኸል	ክ+ከላኸል
ክጥንቀቕ	ክ+ጥንቀቕ
ዝተሰናድአን	ዝ+ተሰናድ+አን
ክትቀርፅ	ክ+ትቀርፅ
ንማሕበራት	ንማሕበ+ራት
ከምዘይኸውን	ከምዘይ+ኸውን
ዝምልሰሎም	ዝ+ምል+ሰሎም
ከምዘይብሎም	ከምዘይ+ብ+ሎም
ከምዘፍስስ	ከም+ዘፍስስ
ብምምልኡን	ብምምል+ኡ+ን
ከይውሕዝ	ከይ+ውሕዝ
ዝተንቀሳቐሰ	ዝ+ተን+ቀሳቐሰ
ንሓረስቶት	ንሓረስ+ቶት
ከምዘጠንቀቖ	ከም+ዘጠን+ቀቖ
ከምዘየብፅሑ	ከምዘ+የብ+ፅሑ
ነገራትን	ነገ+ራትን
ንሓንፀፅቲ	ንሓን+ፀፅቲ
ንጀመርቲ	ንጀ+መርቲ
ክምህዙ	ክ+ምህ+ዙ
ብምምራሕ	ብም+ምራሕ
ሃገራቶም	ሃገ+ራቶም
ንምዕሟቕ	ንምዕ+ሟቕ
ምግብና	ምግ+ብና
ከምዝድረኹ	ከምዝ+ድ+ረኹ
ከባቢኦም	ከባቢ+ኦም
ዝመወልዎ	ዝ+መወል+ዎ
ብምምሕዳር	ብምምሕ+ዳር
ከምዘድልዮ	ከም+ዘድል+ዮ
ይተሓባበር	ይ+ተሓባበር
ምእንትዚ	ምእ+ንትዚ
ሞንጎኦም	ሞንጎ+ኦም
ምሕጋዝን	ምሕ+ጋዝን
ነቢዩ	ነቢ+ዩ
ወፃእን	ወ+ፃእን
ክንገብሮ	ክ+ንገብ+ሮ
ንስራሕቲ	ንስራሕ+ቲ
ምምዕባልን	ምምዕ+ባልን
ምግባርን	ምግ+ባርን
ዝውነን	ዝ+ውነን
ብምእታውን	ብምእ+ታውን
ብምሽካዕን	ብምሽ+ካዕን
ንዝፍፅሙ	ን+ዝፍ+ፅሙ
ይቃለስ	ይ+ቃለስ
ይስእን	ይ+ስእን
ምስተዘርአ	ምስ+ተዘር+አ
እንድሕር	እን+ድሕር
መኩርያ	መኩር+ያ
ህዋን	ህዋ+ን
ዝምስክር	ዝ+ምስክር
ዝውንጨፍ	ዝ+ውንጨፍ
ወዲእና	ወዲእ+ና
ፈተነን	ፈተነ+ን
ምውንጫፍን	ምውን+ጫፍን
ክዓዝዝ	ክ+ዓዝዝ
ከምዘገንዘብዎ	ከም+ዘገን+ዘብዎ
ዝመስረቱ	ዝ+መስ+ረቱ
ዝምወል	ዝ+ምወል
ንብድሆታት	ንብድሆ+ታት
ኣቢልና	ኣቢል+ና
ብምስጓም	ብም+ስጓም
ንምምላእ	ንም+ምላእ
እንገብሮ	እን+ገብ+ሮ
ምዃንና	ምዃን+ና
ተጠቒምና	ተጠቒም+ና
ኣገልግሎትና	ኣገልግሎት+ና
ክውንኖ	ክ+ውን+ኖ
ንስልጠናን	ንስልጠና+ን
መርኣዪን	መርኣዪ+ን
ንሰራሕተኛታት	ንሰራሕተኛ+ታት
ስርዓትን	ስርዓት+ን
ተቐራሪብካ	ተቐራሪብ+ካ
ምውንጫፋ	ምውን+ጫፋ
ዝሰፍሑ	ዝ+ሰፍ+ሑ
ይህቦም	ይ+ህ+ቦም
ኣጠናኺርካ	ኣጠናኺር+ካ
ስለዝገብር	ስለዝ+ገብር
ክህልው	ክ+ህልው
ሳተላይታ	ሳተላይ+ታ
ዝተሰርሐት	ዝ+ተሰር+ሐት
ዝሰልጠኑ	ዝ+ሰል+ጠኑ
ምውጣንን	ምው+ጣንን
ምስራሕን	ምስ+ራሕን
ንምስግጋር	ንምስግ+ጋር
ንሓገዝን	ንሓገዝ+ን
ዝፍፀም	ዝ+ፍፀም
ጥንሲን	ጥንሲ+ን
ዝፈሪ	ዝ+ፈሪ
ከምዝተዘርግሐ	ከምዝ+ተዘርግ+ሐ
ክውስኹ	ክ+ውስ+ኹ
ከምዘውፅአ	ከም+ዘው+ፅአ
ምምኻሩ	ም+ምኻሩ
ዝግበኦም	ዝ+ግ+በኦም
ብምትግባር	ብምትግ+ባር
ማሕበራዊን	ማሕበራዊ+ን
ቦትኦም	ቦ+ትኦም
ክኽበር	ክ+ኽበር
ክእከብ	ክ+እከብ
ዝተዘርግሑ	ዝ+ተዘርግ+ሑ
ዝተውሃቦ	ዝ+ተው+ሃቦ
ግዚኦም	ግዚ+ኦም
ከምዝስራሕ	ከምዝ+ስራሕ
ንዝምልከቶ	ን+ዝምል+ከቶ
ብምፍላይ	ብምፍ+ላይ
ዝውገደሉ	ዝ+ው+ገደሉ
ሕማማትን	ሕማ+ማትን
ዝተውሃቡ	ዝ+ተው+ሃቡ
ሆስፒታላትን	ሆስፒታ+ላትን
ንዘርአዮ	ን+ዘር+አዮ
ተሳትፍ	ተሳት+ፍ
ጎድና	ጎድ+ና
ጎድኒ	ጎድ+ኒ
ኣይሁድን	ኣይሁድ+ን
ዘየምፅእ	ዘ+የምፅእ
ንዝኸይድ	ን+ዝኸይድ
ሕማምን	ሕማም+ን
ሞትን	ሞት+ን
ትኹረትን	ትኹረት+ን
ክንክንን	ክንክን+ን
ዝተመግደሩ	ዝ+ተመግ+ደሩ
ዝሕከሙሎም	ዝ+ሕ+ከሙሎም
ዝወስዱሉ	ዝ+ወስ+ዱሉ
መፅናዕቲን	መፅናዕቲ+ን
ስለዝተውሃቦ	ስለዝ+ተው+ሃቦ
እናፀንሑ	እና+ፀን+ሑ
ስለዝበልዎ	ስለዝ+በል+ዎ
ንዋይን	ንዋይ+ን
ቀረብን	ቀረብ+ን
ስጉምቲን	ስጉምቲ+ን
ሓሳኹን	ሓ+ሳኹን
ንነበርቲን	ንነ+በርቲን
ዕድምኦም	ዕድ+ምኦም
ዝተማልአ	ዝ+ተማል+አ
ነዊሕን	ነዊሕ+ን
ከምዝፈጥር	ከምዝ+ፈጥር
ሆስፒታልን	ሆስፒታል+ን
ንመንሽሮ	ን+መንሽ+ሮ
ንምዕጋትን	ንምዕ+ጋትን
ዝጅምሩ	ዝ+ጅም+ሩ
መደምደምታን	መደምደምታ+ን
ሓሳብን	ሓሳብ+ን
ወርቁ	ወር+ቁ
ንዝሓንጸጾ	ን+ዝሓን+ጸጾ
ብምጥንኻርን	ብምጥን+ኻርን
ከምዝዕቅብ	ከምዝ+ዕቅብ
ከምዘበርከተት	ከም+ዘበር+ከተት
ዝተበርከተ	ዝ+ተበር+ከተ
ንዘድልዮም	ን+ዘድል+ዮም
ምእላይን	ምእ+ላይን
ከምዝሕግዝ	ከምዝ+ሕግዝ
ንዘበርከቱ	ን+ዘበር+ከቱ
ኣመልኪታ	ኣመል+ኪታ
ከምዘስፈረቶ	ከም+ዘስ+ፈረቶ
ክትግብሮ	ክ+ትግብ+ሮ
ተተግቢሮም	ተተግ+ቢሮም
ከምዘስዓበ	ከም+ዘስ+ዓበ
ብዘደንግፅ	ብ+ዘደንግፅ
ምግፍሖም	ምግፍ+ሖም
ክረክብ	ክ+ረክብ
ክውንኑ	ክ+ውን+ኑ
ምስክርን	ምስክር+ን
ምዘና	ም+ዘና
ክፍተት	ክ+ፍተት
ብተፈጥሮኣዊን	ብተፈጥሮኣዊ+ን
ምሕላፉ	ምሕ+ላፉ
ታሕጓሶም	ታሕጓ+ሶም
ዘይተረጋግአ	ዘይ+ተረጋግ+አ
ፀልማትን	ፀልማት+ን
ንምምስጋን	ንምምስ+ጋን
ገዛን	ገዛ+ን
ይንስነስ	ይ+ንስነስ
አጓላትን	አጓ+ላትን
መዓንጣኣን	መዓንጣ+ኣ+ን
ይቕንያ	ይ+ቕን+ያ
ኣገልጊሎም	ኣገል+ጊሎም
ክትግብሩ	ክ+ትግብ+ሩ
ብምንባብ	ብ+ምንባብ
ክዳንን	ክዳን+ን
ብምልጋስ	ብምል+ጋስ
መልእኽቶም	መልእኽ+ቶም
ኣስተምህሮኦም	ኣስተምህሮ+ኦም
እትድሕን	እት+ድሕን
ፀሎትን	ፀሎት+ን
እትምስረት	እት+ምስረት
ምንኣዶም	ም+ን+ኣዶም
ክሳለጥ	ክ+ሳለጥ
ኣቀባብላ	ኣቀባብ+ላ
ተማሕፂኑ	ተማሕ+ፂኑ
ደገን	ደገ+ን
ብምድላው	ብምድ+ላው
ንዝህልዎ	ን+ዝህል+ዎ
ከመልክት	ከመልክ+ት
ገጣሚን	ገጣሚ+ን
ክኢላን	ክኢላ+ን
ዝተረጋግአን	ዝ+ተረጋግ+አን
ስምዒትን	ስምዒት+ን
ብምዕዳም	ብም+ዕዳም
ዝፈጥረሉ	ዝ+ፈጥ+ረሉ
ኣውጊዑ	ኣው+ጊዑ
ንዝትሳተፉ	ን+ዝት+ሳተፉ
ኣመስጊኖም	ኣመስ+ጊኖም
ስለዘንበርኩም	ስለ+ዘን+በርኩም
ክላለ	ክ+ላለ
ብምልውዋጥን	ብምልው+ዋጥን
ብምፍጣርን	ብምፍ+ጣርን
ተተስፍዩ	ተተስፍ+ዩ
ንዘለኒ	ን+ዘለኒ
ዝምዘዙ	ዝ+ም+ዘዙ
ዜማን	ዜማ+ን
ብኣፍቀርቲ	ብኣፍ+ቀርቲ
ዜማኡ	ዜማ+ኡ
ሲሚንቶን	ሲሚንቶ+ን
ጠርሙዛትን	ጠርሙ+ዛትን
ክትጥቀመሎም	ክ+ትጥ+ቀመሎም
ዝገብሩ	ዝ+ገብ+ሩ
ኣይነበርኩን	ኣይ+ነበርኩን
ምስተንከፍክዎ	ምስ+ተን+ከፍክዎ
ስምዒተይን	ስምዒ+ተይ+ን
ዝገልፀሉ	ዝ+ገል+ፀሉ
ንዝቕንዩ	ን+ዝቕን+ዩ
ንኣፍቀርቲ	ንኣፍ+ቀርቲ
ንምርሓቕን	ንምር+ሓቕን
ዝሳለጥ	ዝ+ሳለጥ
ንዝድይቡ	ን+ዝድይ+ቡ
ዝሕደረሉ	ዝ+ሕ+ደረሉ
ስለዝጅምር	ስለዝ+ጅምር
ንምምልካት	ንምምል+ካት
ክእከቡ	ክ+እ+ከቡ
ዝተንጠልጠለትሉ	ዝ+ተን+ጠልጠለትሉ
ክትንሳፈፍ	ክ+ትንሳፈፍ
ትዓልብ	ት+ዓልብ
ኩነትን	ኩነት+ን
ክስውእ	ክ+ስውእ
ተኣዛዝነትን	ተኣዛዝነት+ን
ሃይማኖትን	ሃይማኖት+ን
ካህናትን	ካህ+ናትን
ክሕልዋ	ክ+ሕል+ዋ
ኣብነታዊን	ኣብነታዊ+ን
ምርኢታትን	ምርኢ+ታትን
